group_code,marine_site_name,site_code,site_lat,site_long,ltm_lat,ltm_long,marine_sort_order,marine_common_year,season_name,marine_season_code,marine_common_season,min_survey_date,max_survey_date,target_assemblage,species_code,size_bin,total,num_plots_sampled,method_code,state_province,georegion,bioregion,mpa_designation,mpa_region,mpa_lt_region,mpa_name,island,site_type,last_updated
UW,Manchester State Park; Central Puget Sound,MAN,47.57688141,-122.54411,47.57688141,-122.54411,3490,2014,Summer,SU14,134,6/28/2014,6/28/2014,sea_star,EVATRO,90,2,2,IP,Washington,WA Salish Sea,WA Salish Sea,NONE,NONE,NONE,NONE,Mainland,intertidal,6/6/2023 13:05
UW,Manchester State Park; Central Puget Sound,MAN,47.57688141,-122.54411,47.57688141,-122.54411,3490,2014,Summer,SU14,134,6/28/2014,6/28/2014,sea_star,EVATRO,NM,4,2,IP,Washington,WA Salish Sea,WA Salish Sea,NONE,NONE,NONE,NONE,Mainland,intertidal,6/6/2023 13:05
UW,Manchester State Park; Central Puget Sound,MAN,47.57688141,-122.54411,47.57688141,-122.54411,3490,2014,Summer,SU14,134,6/28/2014,6/28/2014,sea_star,EVATRO,30,2,2,IP,Washington,WA Salish Sea,WA Salish Sea,NONE,NONE,NONE,NONE,Mainland,intertidal,6/6/2023 13:05
UW,Manchester State Park; Central Puget Sound,MAN,47.57688141,-122.54411,47.57688141,-122.54411,3490,2014,Summer,SU14,134,6/28/2014,6/28/2014,sea_star,EVATRO,40,8,2,IP,Washington,WA Salish Sea,WA Salish Sea,NONE,NONE,NONE,NONE,Mainland,intertidal,6/6/2023 13:05
UW,Manchester State Park; Central Puget Sound,MAN,47.57688141,-122.54411,47.57688141,-122.54411,3490,2014,Summer,SU14,134,6/28/2014,6/28/2014,sea_star,EVATRO,50,2,2,IP,Washington,WA Salish Sea,WA Salish Sea,NONE,NONE,NONE,NONE,Mainland,intertidal,6/6/2023 13:05
UW,Manchester State Park; Central Puget Sound,MAN,47.57688141,-122.54411,47.57688141,-122.54411,3490,2014,Summer,SU14,134,6/28/2014,6/28/2014,sea_star,EVATRO,60,2,2,IP,Washington,WA Salish Sea,WA Salish Sea,NONE,NONE,NONE,NONE,Mainland,intertidal,6/6/2023 13:05
UW,Manchester State Park; Central Puget Sound,MAN,47.57688141,-122.54411,47.57688141,-122.54411,3490,2014,Summer,SU14,134,6/28/2014,6/28/2014,sea_star,EVATRO,70,1,2,IP,Washington,WA Salish Sea,WA Salish Sea,NONE,NONE,NONE,NONE,Mainland,intertidal,6/6/2023 13:05
UW,Manchester State Park; Central Puget Sound,MAN,47.57688141,-122.54411,47.57688141,-122.54411,3490,2014,Summer,SU14,134,6/28/2014,6/28/2014,sea_star,EVATRO,80,1,2,IP,Washington,WA Salish Sea,WA Salish Sea,NONE,NONE,NONE,NONE,Mainland,intertidal,6/6/2023 13:05
UW,Manchester State Park; Central Puget Sound,MAN,47.57688141,-122.54411,47.57688141,-122.54411,3490,2014,Summer,SU14,134,6/28/2014,6/28/2014,sea_star,PISOCH,90,4,2,IP,Washington,WA Salish Sea,WA Salish Sea,NONE,NONE,NONE,NONE,Mainland,intertidal,6/6/2023 13:05
UW,Manchester State Park; Central Puget Sound,MAN,47.57688141,-122.54411,47.57688141,-122.54411,3490,2014,Summer,SU14,134,6/28/2014,6/28/2014,sea_star,PISOCH,100,3,2,IP,Washington,WA Salish Sea,WA Salish Sea,NONE,NONE,NONE,NONE,Mainland,intertidal,6/6/2023 13:05
UW,Manchester State Park; Central Puget Sound,MAN,47.57688141,-122.54411,47.57688141,-122.54411,3490,2014,Summer,SU14,134,6/28/2014,6/28/2014,sea_star,PISOCH,120,2,2,IP,Washington,WA Salish Sea,WA Salish Sea,NONE,NONE,NONE,NONE,Mainland,intertidal,6/6/2023 13:05
UW,Manchester State Park; Central Puget Sound,MAN,47.57688141,-122.54411,47.57688141,-122.54411,3490,2014,Summer,SU14,134,6/28/2014,6/28/2014,sea_star,PISOCH,5,3,2,IP,Washington,WA Salish Sea,WA Salish Sea,NONE,NONE,NONE,NONE,Mainland,intertidal,6/6/2023 13:05
UW,Manchester State Park; Central Puget Sound,MAN,47.57688141,-122.54411,47.57688141,-122.54411,3490,2014,Summer,SU14,134,6/28/2014,6/28/2014,sea_star,PISOCH,10,22,2,IP,Washington,WA Salish Sea,WA Salish Sea,NONE,NONE,NONE,NONE,Mainland,intertidal,6/6/2023 13:05
UW,Manchester State Park; Central Puget Sound,MAN,47.57688141,-122.54411,47.57688141,-122.54411,3490,2014,Summer,SU14,134,6/28/2014,6/28/2014,sea_star,PISOCH,20,116,2,IP,Washington,WA Salish Sea,WA Salish Sea,NONE,NONE,NONE,NONE,Mainland,intertidal,6/6/2023 13:05
UW,Manchester State Park; Central Puget Sound,MAN,47.57688141,-122.54411,47.57688141,-122.54411,3490,2014,Summer,SU14,134,6/28/2014,6/28/2014,sea_star,PISOCH,NM,42,2,IP,Washington,WA Salish Sea,WA Salish Sea,NONE,NONE,NONE,NONE,Mainland,intertidal,6/6/2023 13:05
UW,Manchester State Park; Central Puget Sound,MAN,47.57688141,-122.54411,47.57688141,-122.54411,3490,2014,Summer,SU14,134,6/28/2014,6/28/2014,sea_star,PISOCH,30,28,2,IP,Washington,WA Salish Sea,WA Salish Sea,NONE,NONE,NONE,NONE,Mainland,intertidal,6/6/2023 13:05
UW,Manchester State Park; Central Puget Sound,MAN,47.57688141,-122.54411,47.57688141,-122.54411,3490,2014,Summer,SU14,134,6/28/2014,6/28/2014,sea_star,PISOCH,40,5,2,IP,Washington,WA Salish Sea,WA Salish Sea,NONE,NONE,NONE,NONE,Mainland,intertidal,6/6/2023 13:05
UW,Manchester State Park; Central Puget Sound,MAN,47.57688141,-122.54411,47.57688141,-122.54411,3490,2014,Summer,SU14,134,6/28/2014,6/28/2014,sea_star,PISOCH,60,1,2,IP,Washington,WA Salish Sea,WA Salish Sea,NONE,NONE,NONE,NONE,Mainland,intertidal,6/6/2023 13:05
UW,Manchester State Park; Central Puget Sound,MAN,47.57688141,-122.54411,47.57688141,-122.54411,3490,2014,Summer,SU14,134,6/28/2014,6/28/2014,sea_star,PISOCH,70,1,2,IP,Washington,WA Salish Sea,WA Salish Sea,NONE,NONE,NONE,NONE,Mainland,intertidal,6/6/2023 13:05
UW,Manchester State Park; Central Puget Sound,MAN,47.57688141,-122.54411,47.57688141,-122.54411,3490,2014,Summer,SU14,134,6/28/2014,6/28/2014,sea_star,PISOCH,80,6,2,IP,Washington,WA Salish Sea,WA Salish Sea,NONE,NONE,NONE,NONE,Mainland,intertidal,6/6/2023 13:05
UW,Manchester State Park; Central Puget Sound,MAN,47.57688141,-122.54411,47.57688141,-122.54411,3490,2014,Summer,SU14,134,6/28/2014,6/28/2014,sea_star,PYCHEL,50,1,2,IP,Washington,WA Salish Sea,WA Salish Sea,NONE,NONE,NONE,NONE,Mainland,intertidal,6/6/2023 13:05
UW,Manchester State Park; Central Puget Sound,MAN,47.57688141,-122.54411,47.57688141,-122.54411,3490,2015,Summer,SU15,138,7/1/2015,7/1/2015,sea_star,EVATRO,NM,14,2,IP,Washington,WA Salish Sea,WA Salish Sea,NONE,NONE,NONE,NONE,Mainland,intertidal,6/6/2023 13:05
UW,Manchester State Park; Central Puget Sound,MAN,47.57688141,-122.54411,47.57688141,-122.54411,3490,2015,Summer,SU15,138,7/1/2015,7/1/2015,sea_star,PISOCH,NM,138,2,IP,Washington,WA Salish Sea,WA Salish Sea,NONE,NONE,NONE,NONE,Mainland,intertidal,6/6/2023 13:05
UW,Manchester State Park; Central Puget Sound,MAN,47.57688141,-122.54411,47.57688141,-122.54411,3490,2016,Summer,SU16,142,7/1/2016,7/1/2016,sea_star,EVATRO,90,1,2,IP,Washington,WA Salish Sea,WA Salish Sea,NONE,NONE,NONE,NONE,Mainland,intertidal,6/6/2023 13:05
UW,Manchester State Park; Central Puget Sound,MAN,47.57688141,-122.54411,47.57688141,-122.54411,3490,2016,Summer,SU16,142,7/1/2016,7/1/2016,sea_star,EVATRO,100,2,2,IP,Washington,WA Salish Sea,WA Salish Sea,NONE,NONE,NONE,NONE,Mainland,intertidal,6/6/2023 13:05
UW,Manchester State Park; Central Puget Sound,MAN,47.57688141,-122.54411,47.57688141,-122.54411,3490,2016,Summer,SU16,142,7/1/2016,7/1/2016,sea_star,EVATRO,20,1,2,IP,Washington,WA Salish Sea,WA Salish Sea,NONE,NONE,NONE,NONE,Mainland,intertidal,6/6/2023 13:05
UW,Manchester State Park; Central Puget Sound,MAN,47.57688141,-122.54411,47.57688141,-122.54411,3490,2016,Summer,SU16,142,7/1/2016,7/1/2016,sea_star,EVATRO,40,1,2,IP,Washington,WA Salish Sea,WA Salish Sea,NONE,NONE,NONE,NONE,Mainland,intertidal,6/6/2023 13:05
UW,Manchester State Park; Central Puget Sound,MAN,47.57688141,-122.54411,47.57688141,-122.54411,3490,2016,Summer,SU16,142,7/1/2016,7/1/2016,sea_star,EVATRO,50,5,2,IP,Washington,WA Salish Sea,WA Salish Sea,NONE,NONE,NONE,NONE,Mainland,intertidal,6/6/2023 13:05
UW,Manchester State Park; Central Puget Sound,MAN,47.57688141,-122.54411,47.57688141,-122.54411,3490,2016,Summer,SU16,142,7/1/2016,7/1/2016,sea_star,EVATRO,70,1,2,IP,Washington,WA Salish Sea,WA Salish Sea,NONE,NONE,NONE,NONE,Mainland,intertidal,6/6/2023 13:05
UW,Manchester State Park; Central Puget Sound,MAN,47.57688141,-122.54411,47.57688141,-122.54411,3490,2016,Summer,SU16,142,7/1/2016,7/1/2016,sea_star,PISOCH,100,1,2,IP,Washington,WA Salish Sea,WA Salish Sea,NONE,NONE,NONE,NONE,Mainland,intertidal,6/6/2023 13:05
UW,Manchester State Park; Central Puget Sound,MAN,47.57688141,-122.54411,47.57688141,-122.54411,3490,2016,Summer,SU16,142,7/1/2016,7/1/2016,sea_star,PISOCH,120,1,2,IP,Washington,WA Salish Sea,WA Salish Sea,NONE,NONE,NONE,NONE,Mainland,intertidal,6/6/2023 13:05
UW,Manchester State Park; Central Puget Sound,MAN,47.57688141,-122.54411,47.57688141,-122.54411,3490,2016,Summer,SU16,142,7/1/2016,7/1/2016,sea_star,PISOCH,130,2,2,IP,Washington,WA Salish Sea,WA Salish Sea,NONE,NONE,NONE,NONE,Mainland,intertidal,6/6/2023 13:05
UW,Manchester State Park; Central Puget Sound,MAN,47.57688141,-122.54411,47.57688141,-122.54411,3490,2016,Summer,SU16,142,7/1/2016,7/1/2016,sea_star,PISOCH,150,1,2,IP,Washington,WA Salish Sea,WA Salish Sea,NONE,NONE,NONE,NONE,Mainland,intertidal,6/6/2023 13:05
UW,Manchester State Park; Central Puget Sound,MAN,47.57688141,-122.54411,47.57688141,-122.54411,3490,2016,Summer,SU16,142,7/1/2016,7/1/2016,sea_star,PISOCH,20,1,2,IP,Washington,WA Salish Sea,WA Salish Sea,NONE,NONE,NONE,NONE,Mainland,intertidal,6/6/2023 13:05
UW,Manchester State Park; Central Puget Sound,MAN,47.57688141,-122.54411,47.57688141,-122.54411,3490,2016,Summer,SU16,142,7/1/2016,7/1/2016,sea_star,PISOCH,30,2,2,IP,Washington,WA Salish Sea,WA Salish Sea,NONE,NONE,NONE,NONE,Mainland,intertidal,6/6/2023 13:05
UW,Manchester State Park; Central Puget Sound,MAN,47.57688141,-122.54411,47.57688141,-122.54411,3490,2016,Summer,SU16,142,7/1/2016,7/1/2016,sea_star,PISOCH,40,1,2,IP,Washington,WA Salish Sea,WA Salish Sea,NONE,NONE,NONE,NONE,Mainland,intertidal,6/6/2023 13:05
UW,Manchester State Park; Central Puget Sound,MAN,47.57688141,-122.54411,47.57688141,-122.54411,3490,2016,Summer,SU16,142,7/1/2016,7/1/2016,sea_star,PISOCH,50,3,2,IP,Washington,WA Salish Sea,WA Salish Sea,NONE,NONE,NONE,NONE,Mainland,intertidal,6/6/2023 13:05
UW,Manchester State Park; Central Puget Sound,MAN,47.57688141,-122.54411,47.57688141,-122.54411,3490,2016,Summer,SU16,142,7/1/2016,7/1/2016,sea_star,PISOCH,60,3,2,IP,Washington,WA Salish Sea,WA Salish Sea,NONE,NONE,NONE,NONE,Mainland,intertidal,6/6/2023 13:05
UW,Manchester State Park; Central Puget Sound,MAN,47.57688141,-122.54411,47.57688141,-122.54411,3490,2016,Summer,SU16,142,7/1/2016,7/1/2016,sea_star,PISOCH,70,7,2,IP,Washington,WA Salish Sea,WA Salish Sea,NONE,NONE,NONE,NONE,Mainland,intertidal,6/6/2023 13:05
UW,Manchester State Park; Central Puget Sound,MAN,47.57688141,-122.54411,47.57688141,-122.54411,3490,2017,Summer,SU17,146,6/24/2017,6/24/2017,sea_star,EVATRO,NA,0,2,IP,Washington,WA Salish Sea,WA Salish Sea,NONE,NONE,NONE,NONE,Mainland,intertidal,6/6/2023 13:05
UW,Manchester State Park; Central Puget Sound,MAN,47.57688141,-122.54411,47.57688141,-122.54411,3490,2017,Summer,SU17,146,6/24/2017,6/24/2017,sea_star,LEPTAS,NA,0,2,IP,Washington,WA Salish Sea,WA Salish Sea,NONE,NONE,NONE,NONE,Mainland,intertidal,6/6/2023 13:05
UW,Manchester State Park; Central Puget Sound,MAN,47.57688141,-122.54411,47.57688141,-122.54411,3490,2017,Summer,SU17,146,6/24/2017,6/24/2017,sea_star,PISOCH,90,2,2,IP,Washington,WA Salish Sea,WA Salish Sea,NONE,NONE,NONE,NONE,Mainland,intertidal,6/6/2023 13:05
UW,Manchester State Park; Central Puget Sound,MAN,47.57688141,-122.54411,47.57688141,-122.54411,3490,2017,Summer,SU17,146,6/24/2017,6/24/2017,sea_star,PISOCH,100,2,2,IP,Washington,WA Salish Sea,WA Salish Sea,NONE,NONE,NONE,NONE,Mainland,intertidal,6/6/2023 13:05
UW,Manchester State Park; Central Puget Sound,MAN,47.57688141,-122.54411,47.57688141,-122.54411,3490,2017,Summer,SU17,146,6/24/2017,6/24/2017,sea_star,PISOCH,110,1,2,IP,Washington,WA Salish Sea,WA Salish Sea,NONE,NONE,NONE,NONE,Mainland,intertidal,6/6/2023 13:05
UW,Manchester State Park; Central Puget Sound,MAN,47.57688141,-122.54411,47.57688141,-122.54411,3490,2017,Summer,SU17,146,6/24/2017,6/24/2017,sea_star,PISOCH,120,1,2,IP,Washington,WA Salish Sea,WA Salish Sea,NONE,NONE,NONE,NONE,Mainland,intertidal,6/6/2023 13:05
UW,Manchester State Park; Central Puget Sound,MAN,47.57688141,-122.54411,47.57688141,-122.54411,3490,2017,Summer,SU17,146,6/24/2017,6/24/2017,sea_star,PISOCH,80,1,2,IP,Washington,WA Salish Sea,WA Salish Sea,NONE,NONE,NONE,NONE,Mainland,intertidal,6/6/2023 13:05
UW,Manchester State Park; Central Puget Sound,MAN,47.57688141,-122.54411,47.57688141,-122.54411,3490,2017,Summer,SU17,146,6/24/2017,6/24/2017,sea_star,PYCHEL,NA,0,2,IP,Washington,WA Salish Sea,WA Salish Sea,NONE,NONE,NONE,NONE,Mainland,intertidal,6/6/2023 13:05
UW,Manchester State Park; Central Puget Sound,MAN,47.57688141,-122.54411,47.57688141,-122.54411,3490,2018,Summer,SU18,150,6/27/2018,6/27/2018,sea_star,EVATRO,NA,0,2,IP,Washington,WA Salish Sea,WA Salish Sea,NONE,NONE,NONE,NONE,Mainland,intertidal,6/6/2023 13:05
UW,Manchester State Park; Central Puget Sound,MAN,47.57688141,-122.54411,47.57688141,-122.54411,3490,2018,Summer,SU18,150,6/27/2018,6/27/2018,sea_star,PISOCH,NA,0,2,IP,Washington,WA Salish Sea,WA Salish Sea,NONE,NONE,NONE,NONE,Mainland,intertidal,6/6/2023 13:05
UW,Manchester State Park; Central Puget Sound,MAN,47.57688141,-122.54411,47.57688141,-122.54411,3490,2018,Summer,SU18,150,6/27/2018,6/27/2018,sea_star,PISOCH,60,1,2,IP,Washington,WA Salish Sea,WA Salish Sea,NONE,NONE,NONE,NONE,Mainland,intertidal,6/6/2023 13:05
UW,Manchester State Park; Central Puget Sound,MAN,47.57688141,-122.54411,47.57688141,-122.54411,3490,2018,Summer,SU18,150,6/27/2018,6/27/2018,sea_star,PISOCH,70,1,2,IP,Washington,WA Salish Sea,WA Salish Sea,NONE,NONE,NONE,NONE,Mainland,intertidal,6/6/2023 13:05
UW,Manchester State Park; Central Puget Sound,MAN,47.57688141,-122.54411,47.57688141,-122.54411,3490,2018,Summer,SU18,150,6/27/2018,6/27/2018,sea_star,PISOCH,80,2,2,IP,Washington,WA Salish Sea,WA Salish Sea,NONE,NONE,NONE,NONE,Mainland,intertidal,6/6/2023 13:05
UW,Manchester State Park; Central Puget Sound,MAN,47.57688141,-122.54411,47.57688141,-122.54411,3490,2019,Summer,SU19,154,6/30/2019,6/30/2019,sea_star,EVATRO,NA,0,2,IP,Washington,WA Salish Sea,WA Salish Sea,NONE,NONE,NONE,NONE,Mainland,intertidal,6/6/2023 13:05
UW,Manchester State Park; Central Puget Sound,MAN,47.57688141,-122.54411,47.57688141,-122.54411,3490,2019,Summer,SU19,154,6/30/2019,6/30/2019,sea_star,EVATRO,30,1,2,IP,Washington,WA Salish Sea,WA Salish Sea,NONE,NONE,NONE,NONE,Mainland,intertidal,6/6/2023 13:05
UW,Manchester State Park; Central Puget Sound,MAN,47.57688141,-122.54411,47.57688141,-122.54411,3490,2019,Summer,SU19,154,6/30/2019,6/30/2019,sea_star,EVATRO,40,1,2,IP,Washington,WA Salish Sea,WA Salish Sea,NONE,NONE,NONE,NONE,Mainland,intertidal,6/6/2023 13:05
UW,Manchester State Park; Central Puget Sound,MAN,47.57688141,-122.54411,47.57688141,-122.54411,3490,2019,Summer,SU19,154,6/30/2019,6/30/2019,sea_star,LEPTAS,NA,0,2,IP,Washington,WA Salish Sea,WA Salish Sea,NONE,NONE,NONE,NONE,Mainland,intertidal,6/6/2023 13:05
UW,Manchester State Park; Central Puget Sound,MAN,47.57688141,-122.54411,47.57688141,-122.54411,3490,2019,Summer,SU19,154,6/30/2019,6/30/2019,sea_star,PISOCH,40,1,2,IP,Washington,WA Salish Sea,WA Salish Sea,NONE,NONE,NONE,NONE,Mainland,intertidal,6/6/2023 13:05
UW,Manchester State Park; Central Puget Sound,MAN,47.57688141,-122.54411,47.57688141,-122.54411,3490,2019,Summer,SU19,154,6/30/2019,6/30/2019,sea_star,PISOCH,80,1,2,IP,Washington,WA Salish Sea,WA Salish Sea,NONE,NONE,NONE,NONE,Mainland,intertidal,6/6/2023 13:05
UW,Manchester State Park; Central Puget Sound,MAN,47.57688141,-122.54411,47.57688141,-122.54411,3490,2019,Summer,SU19,154,6/30/2019,6/30/2019,sea_star,PYCHEL,NA,0,2,IP,Washington,WA Salish Sea,WA Salish Sea,NONE,NONE,NONE,NONE,Mainland,intertidal,6/6/2023 13:05
UW,Manchester State Park; Central Puget Sound,MAN,47.57688141,-122.54411,47.57688141,-122.54411,3490,2020,Summer,SU20,158,6/23/2020,6/23/2020,sea_star,LEPTAS,NA,0,2,IP,Washington,WA Salish Sea,WA Salish Sea,NONE,NONE,NONE,NONE,Mainland,intertidal,6/6/2023 13:05
UW,Manchester State Park; Central Puget Sound,MAN,47.57688141,-122.54411,47.57688141,-122.54411,3490,2020,Summer,SU20,158,6/23/2020,6/23/2020,sea_star,PISOCH,NA,0,2,IP,Washington,WA Salish Sea,WA Salish Sea,NONE,NONE,NONE,NONE,Mainland,intertidal,6/6/2023 13:05
UW,Manchester State Park; Central Puget Sound,MAN,47.57688141,-122.54411,47.57688141,-122.54411,3490,2020,Summer,SU20,158,6/23/2020,6/23/2020,sea_star,PISOCH,60,1,2,IP,Washington,WA Salish Sea,WA Salish Sea,NONE,NONE,NONE,NONE,Mainland,intertidal,6/6/2023 13:05
UW,Manchester State Park; Central Puget Sound,MAN,47.57688141,-122.54411,47.57688141,-122.54411,3490,2020,Summer,SU20,158,6/23/2020,6/23/2020,sea_star,PYCHEL,NA,0,2,IP,Washington,WA Salish Sea,WA Salish Sea,NONE,NONE,NONE,NONE,Mainland,intertidal,6/6/2023 13:05
UW,Manchester State Park; Central Puget Sound,MAN,47.57688141,-122.54411,47.57688141,-122.54411,3490,2021,Summer,SU21,162,6/22/2021,6/22/2021,sea_star,LEPTAS,NA,0,2,IP,Washington,WA Salish Sea,WA Salish Sea,NONE,NONE,NONE,NONE,Mainland,intertidal,6/6/2023 13:05
UW,Manchester State Park; Central Puget Sound,MAN,47.57688141,-122.54411,47.57688141,-122.54411,3490,2021,Summer,SU21,162,6/22/2021,6/22/2021,sea_star,PISOCH,120,1,2,IP,Washington,WA Salish Sea,WA Salish Sea,NONE,NONE,NONE,NONE,Mainland,intertidal,6/6/2023 13:05
UW,Manchester State Park; Central Puget Sound,MAN,47.57688141,-122.54411,47.57688141,-122.54411,3490,2021,Summer,SU21,162,6/22/2021,6/22/2021,sea_star,PISOCH,130,1,2,IP,Washington,WA Salish Sea,WA Salish Sea,NONE,NONE,NONE,NONE,Mainland,intertidal,6/6/2023 13:05
UW,Manchester State Park; Central Puget Sound,MAN,47.57688141,-122.54411,47.57688141,-122.54411,3490,2021,Summer,SU21,162,6/22/2021,6/22/2021,sea_star,PISOCH,200,1,2,IP,Washington,WA Salish Sea,WA Salish Sea,NONE,NONE,NONE,NONE,Mainland,intertidal,6/6/2023 13:05
UW,Manchester State Park; Central Puget Sound,MAN,47.57688141,-122.54411,47.57688141,-122.54411,3490,2021,Summer,SU21,162,6/22/2021,6/22/2021,sea_star,PISOCH,NA,0,2,IP,Washington,WA Salish Sea,WA Salish Sea,NONE,NONE,NONE,NONE,Mainland,intertidal,6/6/2023 13:05
UW,Manchester State Park; Central Puget Sound,MAN,47.57688141,-122.54411,47.57688141,-122.54411,3490,2021,Summer,SU21,162,6/22/2021,6/22/2021,sea_star,PYCHEL,NA,0,2,IP,Washington,WA Salish Sea,WA Salish Sea,NONE,NONE,NONE,NONE,Mainland,intertidal,6/6/2023 13:05
UW,Manchester State Park; Central Puget Sound,MAN,47.57688141,-122.54411,47.57688141,-122.54411,3490,2022,Summer,SU22,166,6/27/2022,6/27/2022,sea_star,EVATRO,20,4,2,IP,Washington,WA Salish Sea,WA Salish Sea,NONE,NONE,NONE,NONE,Mainland,intertidal,6/6/2023 13:05
UW,Manchester State Park; Central Puget Sound,MAN,47.57688141,-122.54411,47.57688141,-122.54411,3490,2022,Summer,SU22,166,6/27/2022,6/27/2022,sea_star,EVATRO,30,13,2,IP,Washington,WA Salish Sea,WA Salish Sea,NONE,NONE,NONE,NONE,Mainland,intertidal,6/6/2023 13:05
UW,Manchester State Park; Central Puget Sound,MAN,47.57688141,-122.54411,47.57688141,-122.54411,3490,2022,Summer,SU22,166,6/27/2022,6/27/2022,sea_star,EVATRO,40,7,2,IP,Washington,WA Salish Sea,WA Salish Sea,NONE,NONE,NONE,NONE,Mainland,intertidal,6/6/2023 13:05
UW,Manchester State Park; Central Puget Sound,MAN,47.57688141,-122.54411,47.57688141,-122.54411,3490,2022,Summer,SU22,166,6/27/2022,6/27/2022,sea_star,EVATRO,60,1,2,IP,Washington,WA Salish Sea,WA Salish Sea,NONE,NONE,NONE,NONE,Mainland,intertidal,6/6/2023 13:05
UW,Manchester State Park; Central Puget Sound,MAN,47.57688141,-122.54411,47.57688141,-122.54411,3490,2022,Summer,SU22,166,6/27/2022,6/27/2022,sea_star,PISOCH,160,1,2,IP,Washington,WA Salish Sea,WA Salish Sea,NONE,NONE,NONE,NONE,Mainland,intertidal,6/6/2023 13:05
UW,Manchester State Park; Central Puget Sound,MAN,47.57688141,-122.54411,47.57688141,-122.54411,3490,2022,Summer,SU22,166,6/27/2022,6/27/2022,sea_star,PISOCH,20,4,2,IP,Washington,WA Salish Sea,WA Salish Sea,NONE,NONE,NONE,NONE,Mainland,intertidal,6/6/2023 13:05
UW,Manchester State Park; Central Puget Sound,MAN,47.57688141,-122.54411,47.57688141,-122.54411,3490,2022,Summer,SU22,166,6/27/2022,6/27/2022,sea_star,PISOCH,30,4,2,IP,Washington,WA Salish Sea,WA Salish Sea,NONE,NONE,NONE,NONE,Mainland,intertidal,6/6/2023 13:05
UW,Manchester State Park; Central Puget Sound,MAN,47.57688141,-122.54411,47.57688141,-122.54411,3490,2014,Summer,SU14,134,6/28/2014,6/28/2014,sea_star,KATTUN,NA,0,2,IP,Washington,WA Salish Sea,WA Salish Sea,NONE,NONE,NONE,NONE,Mainland,intertidal,6/6/2023 13:05
UW,Manchester State Park; Central Puget Sound,MAN,47.57688141,-122.54411,47.57688141,-122.54411,3490,2015,Summer,SU15,138,7/1/2015,7/1/2015,sea_star,KATTUN,NA,0,2,IP,Washington,WA Salish Sea,WA Salish Sea,NONE,NONE,NONE,NONE,Mainland,intertidal,6/6/2023 13:05
UW,Manchester State Park; Central Puget Sound,MAN,47.57688141,-122.54411,47.57688141,-122.54411,3490,2016,Summer,SU16,142,7/1/2016,7/1/2016,sea_star,KATTUN,100,1,2,IP,Washington,WA Salish Sea,WA Salish Sea,NONE,NONE,NONE,NONE,Mainland,intertidal,6/6/2023 13:05
UW,Manchester State Park; Central Puget Sound,MAN,47.57688141,-122.54411,47.57688141,-122.54411,3490,2016,Summer,SU16,142,7/1/2016,7/1/2016,sea_star,KATTUN,NA,0,2,IP,Washington,WA Salish Sea,WA Salish Sea,NONE,NONE,NONE,NONE,Mainland,intertidal,6/6/2023 13:05
UW,Manchester State Park; Central Puget Sound,MAN,47.57688141,-122.54411,47.57688141,-122.54411,3490,2016,Summer,SU16,142,7/1/2016,7/1/2016,sea_star,KATTUN,40,1,2,IP,Washington,WA Salish Sea,WA Salish Sea,NONE,NONE,NONE,NONE,Mainland,intertidal,6/6/2023 13:05
UW,Manchester State Park; Central Puget Sound,MAN,47.57688141,-122.54411,47.57688141,-122.54411,3490,2017,Summer,SU17,146,6/24/2017,6/24/2017,sea_star,KATTUN,80,1,2,IP,Washington,WA Salish Sea,WA Salish Sea,NONE,NONE,NONE,NONE,Mainland,intertidal,6/6/2023 13:05
UW,Manchester State Park; Central Puget Sound,MAN,47.57688141,-122.54411,47.57688141,-122.54411,3490,2017,Summer,SU17,146,6/24/2017,6/24/2017,sea_star,KATTUN,NA,0,2,IP,Washington,WA Salish Sea,WA Salish Sea,NONE,NONE,NONE,NONE,Mainland,intertidal,6/6/2023 13:05
UW,Manchester State Park; Central Puget Sound,MAN,47.57688141,-122.54411,47.57688141,-122.54411,3490,2018,Summer,SU18,150,6/27/2018,6/27/2018,sea_star,KATTUN,NA,0,2,IP,Washington,WA Salish Sea,WA Salish Sea,NONE,NONE,NONE,NONE,Mainland,intertidal,6/6/2023 13:05
UW,Manchester State Park; Central Puget Sound,MAN,47.57688141,-122.54411,47.57688141,-122.54411,3490,2019,Summer,SU19,154,6/30/2019,6/30/2019,sea_star,KATTUN,NA,0,2,IP,Washington,WA Salish Sea,WA Salish Sea,NONE,NONE,NONE,NONE,Mainland,intertidal,6/6/2023 13:05
UW,Manchester State Park; Central Puget Sound,MAN,47.57688141,-122.54411,47.57688141,-122.54411,3490,2020,Summer,SU20,158,6/23/2020,6/23/2020,sea_star,KATTUN,NA,0,2,IP,Washington,WA Salish Sea,WA Salish Sea,NONE,NONE,NONE,NONE,Mainland,intertidal,6/6/2023 13:05
UW,Manchester State Park; Central Puget Sound,MAN,47.57688141,-122.54411,47.57688141,-122.54411,3490,2021,Summer,SU21,162,6/22/2021,6/22/2021,sea_star,KATTUN,NA,0,2,IP,Washington,WA Salish Sea,WA Salish Sea,NONE,NONE,NONE,NONE,Mainland,intertidal,6/6/2023 13:05
UW,Manchester State Park; Central Puget Sound,MAN,47.57688141,-122.54411,47.57688141,-122.54411,3490,2022,Summer,SU22,166,6/27/2022,6/27/2022,sea_star,KATTUN,NA,0,2,IP,Washington,WA Salish Sea,WA Salish Sea,NONE,NONE,NONE,NONE,Mainland,intertidal,6/6/2023 13:05
UW,Manchester State Park; Central Puget Sound,MAN,47.57688141,-122.54411,47.57688141,-122.54411,3490,2022,Summer,SU22,166,6/27/2022,6/27/2022,sea_star,KATTUN,50,1,2,IP,Washington,WA Salish Sea,WA Salish Sea,NONE,NONE,NONE,NONE,Mainland,intertidal,6/6/2023 13:05
