group_code,marine_site_name,site_code,latitude,longitude,marine_sort_order,marine_common_year,season_name,marine_season_code,marine_common_season,survey_date,target_assemblage,quadrat_code,lumping_code,percent_cover,state_province,georegion,bioregion,mpa_designation,mpa_region,island,last_updated
UCSC,Post Point,POP,48.7120018,-122.51913,3080,2022,Summer,SU22,166,6/13/2022,chthamalus_balanus,1,ANTELE,0,Washington,WA Salish Sea,WA Salish Sea,NONE,NONE,Mainland,6/6/2023 13:07
UCSC,Post Point,POP,48.7120018,-122.51913,3080,2022,Summer,SU22,166,6/13/2022,chthamalus_balanus,1,ARTCOR,0,Washington,WA Salish Sea,WA Salish Sea,NONE,NONE,Mainland,6/6/2023 13:07
UCSC,Post Point,POP,48.7120018,-122.51913,3080,2022,Summer,SU22,166,6/13/2022,chthamalus_balanus,1,CHITON,0,Washington,WA Salish Sea,WA Salish Sea,NONE,NONE,Mainland,6/6/2023 13:07
UCSC,Post Point,POP,48.7120018,-122.51913,3080,2022,Summer,SU22,166,6/13/2022,chthamalus_balanus,1,CHOCAN,0,Washington,WA Salish Sea,WA Salish Sea,NONE,NONE,Mainland,6/6/2023 13:07
UCSC,Post Point,POP,48.7120018,-122.51913,3080,2022,Summer,SU22,166,6/13/2022,chthamalus_balanus,1,CHTBAL,8,Washington,WA Salish Sea,WA Salish Sea,NONE,NONE,Mainland,6/6/2023 13:07
UCSC,Post Point,POP,48.7120018,-122.51913,3080,2022,Summer,SU22,166,6/13/2022,chthamalus_balanus,1,CLACOL,0,Washington,WA Salish Sea,WA Salish Sea,NONE,NONE,Mainland,6/6/2023 13:07
UCSC,Post Point,POP,48.7120018,-122.51913,3080,2022,Summer,SU22,166,6/13/2022,chthamalus_balanus,1,CRUCOR,0,Washington,WA Salish Sea,WA Salish Sea,NONE,NONE,Mainland,6/6/2023 13:07
UCSC,Post Point,POP,48.7120018,-122.51913,3080,2022,Summer,SU22,166,6/13/2022,chthamalus_balanus,1,EGRMEN,0,Washington,WA Salish Sea,WA Salish Sea,NONE,NONE,Mainland,6/6/2023 13:07
UCSC,Post Point,POP,48.7120018,-122.51913,3080,2022,Summer,SU22,166,6/13/2022,chthamalus_balanus,1,EISARB,0,Washington,WA Salish Sea,WA Salish Sea,NONE,NONE,Mainland,6/6/2023 13:07
UCSC,Post Point,POP,48.7120018,-122.51913,3080,2022,Summer,SU22,166,6/13/2022,chthamalus_balanus,1,ENDMUR,0,Washington,WA Salish Sea,WA Salish Sea,NONE,NONE,Mainland,6/6/2023 13:07
UCSC,Post Point,POP,48.7120018,-122.51913,3080,2022,Summer,SU22,166,6/13/2022,chthamalus_balanus,1,ENPEPH,0,Washington,WA Salish Sea,WA Salish Sea,NONE,NONE,Mainland,6/6/2023 13:07
UCSC,Post Point,POP,48.7120018,-122.51913,3080,2022,Summer,SU22,166,6/13/2022,chthamalus_balanus,1,FUCGAR,37,Washington,WA Salish Sea,WA Salish Sea,NONE,NONE,Mainland,6/6/2023 13:07
UCSC,Post Point,POP,48.7120018,-122.51913,3080,2022,Summer,SU22,166,6/13/2022,chthamalus_balanus,1,HALSTE,0,Washington,WA Salish Sea,WA Salish Sea,NONE,NONE,Mainland,6/6/2023 13:07
UCSC,Post Point,POP,48.7120018,-122.51913,3080,2022,Summer,SU22,166,6/13/2022,chthamalus_balanus,1,HESCAL,0,Washington,WA Salish Sea,WA Salish Sea,NONE,NONE,Mainland,6/6/2023 13:07
UCSC,Post Point,POP,48.7120018,-122.51913,3080,2022,Summer,SU22,166,6/13/2022,chthamalus_balanus,1,LIMPET,1,Washington,WA Salish Sea,WA Salish Sea,NONE,NONE,Mainland,6/6/2023 13:07
UCSC,Post Point,POP,48.7120018,-122.51913,3080,2022,Summer,SU22,166,6/13/2022,chthamalus_balanus,1,LOTGIG,0,Washington,WA Salish Sea,WA Salish Sea,NONE,NONE,Mainland,6/6/2023 13:07
UCSC,Post Point,POP,48.7120018,-122.51913,3080,2022,Summer,SU22,166,6/13/2022,chthamalus_balanus,1,MASSPP,0,Washington,WA Salish Sea,WA Salish Sea,NONE,NONE,Mainland,6/6/2023 13:07
UCSC,Post Point,POP,48.7120018,-122.51913,3080,2022,Summer,SU22,166,6/13/2022,chthamalus_balanus,1,MAZAFF,0,Washington,WA Salish Sea,WA Salish Sea,NONE,NONE,Mainland,6/6/2023 13:07
UCSC,Post Point,POP,48.7120018,-122.51913,3080,2022,Summer,SU22,166,6/13/2022,chthamalus_balanus,1,MAZSPP,0,Washington,WA Salish Sea,WA Salish Sea,NONE,NONE,Mainland,6/6/2023 13:07
UCSC,Post Point,POP,48.7120018,-122.51913,3080,2022,Summer,SU22,166,6/13/2022,chthamalus_balanus,1,MYTCAL,0,Washington,WA Salish Sea,WA Salish Sea,NONE,NONE,Mainland,6/6/2023 13:07
UCSC,Post Point,POP,48.7120018,-122.51913,3080,2022,Summer,SU22,166,6/13/2022,chthamalus_balanus,1,MYTTRO,10,Washington,WA Salish Sea,WA Salish Sea,NONE,NONE,Mainland,6/6/2023 13:07
UCSC,Post Point,POP,48.7120018,-122.51913,3080,2022,Summer,SU22,166,6/13/2022,chthamalus_balanus,1,NEOLAR,0,Washington,WA Salish Sea,WA Salish Sea,NONE,NONE,Mainland,6/6/2023 13:07
UCSC,Post Point,POP,48.7120018,-122.51913,3080,2022,Summer,SU22,166,6/13/2022,chthamalus_balanus,1,NONCRU,0,Washington,WA Salish Sea,WA Salish Sea,NONE,NONE,Mainland,6/6/2023 13:07
UCSC,Post Point,POP,48.7120018,-122.51913,3080,2022,Summer,SU22,166,6/13/2022,chthamalus_balanus,1,OTHALG,0,Washington,WA Salish Sea,WA Salish Sea,NONE,NONE,Mainland,6/6/2023 13:07
UCSC,Post Point,POP,48.7120018,-122.51913,3080,2022,Summer,SU22,166,6/13/2022,chthamalus_balanus,1,OTHBAR,0,Washington,WA Salish Sea,WA Salish Sea,NONE,NONE,Mainland,6/6/2023 13:07
UCSC,Post Point,POP,48.7120018,-122.51913,3080,2022,Summer,SU22,166,6/13/2022,chthamalus_balanus,1,OTHBRO,0,Washington,WA Salish Sea,WA Salish Sea,NONE,NONE,Mainland,6/6/2023 13:07
UCSC,Post Point,POP,48.7120018,-122.51913,3080,2022,Summer,SU22,166,6/13/2022,chthamalus_balanus,1,OTHGRE,0,Washington,WA Salish Sea,WA Salish Sea,NONE,NONE,Mainland,6/6/2023 13:07
UCSC,Post Point,POP,48.7120018,-122.51913,3080,2022,Summer,SU22,166,6/13/2022,chthamalus_balanus,1,OTHINV,0,Washington,WA Salish Sea,WA Salish Sea,NONE,NONE,Mainland,6/6/2023 13:07
UCSC,Post Point,POP,48.7120018,-122.51913,3080,2022,Summer,SU22,166,6/13/2022,chthamalus_balanus,1,OTHRED,0,Washington,WA Salish Sea,WA Salish Sea,NONE,NONE,Mainland,6/6/2023 13:07
UCSC,Post Point,POP,48.7120018,-122.51913,3080,2022,Summer,SU22,166,6/13/2022,chthamalus_balanus,1,OTHSUB,0,Washington,WA Salish Sea,WA Salish Sea,NONE,NONE,Mainland,6/6/2023 13:07
UCSC,Post Point,POP,48.7120018,-122.51913,3080,2022,Summer,SU22,166,6/13/2022,chthamalus_balanus,1,PELLIM,0,Washington,WA Salish Sea,WA Salish Sea,NONE,NONE,Mainland,6/6/2023 13:07
UCSC,Post Point,POP,48.7120018,-122.51913,3080,2022,Summer,SU22,166,6/13/2022,chthamalus_balanus,1,PHRSAB,0,Washington,WA Salish Sea,WA Salish Sea,NONE,NONE,Mainland,6/6/2023 13:07
UCSC,Post Point,POP,48.7120018,-122.51913,3080,2022,Summer,SU22,166,6/13/2022,chthamalus_balanus,1,PHYSPP,0,Washington,WA Salish Sea,WA Salish Sea,NONE,NONE,Mainland,6/6/2023 13:07
UCSC,Post Point,POP,48.7120018,-122.51913,3080,2022,Summer,SU22,166,6/13/2022,chthamalus_balanus,1,PISOCH,0,Washington,WA Salish Sea,WA Salish Sea,NONE,NONE,Mainland,6/6/2023 13:07
UCSC,Post Point,POP,48.7120018,-122.51913,3080,2022,Summer,SU22,166,6/13/2022,chthamalus_balanus,1,POLPOL,0,Washington,WA Salish Sea,WA Salish Sea,NONE,NONE,Mainland,6/6/2023 13:07
UCSC,Post Point,POP,48.7120018,-122.51913,3080,2022,Summer,SU22,166,6/13/2022,chthamalus_balanus,1,PORSPP,0,Washington,WA Salish Sea,WA Salish Sea,NONE,NONE,Mainland,6/6/2023 13:07
UCSC,Post Point,POP,48.7120018,-122.51913,3080,2022,Summer,SU22,166,6/13/2022,chthamalus_balanus,1,ROCK,42,Washington,WA Salish Sea,WA Salish Sea,NONE,NONE,Mainland,6/6/2023 13:07
UCSC,Post Point,POP,48.7120018,-122.51913,3080,2022,Summer,SU22,166,6/13/2022,chthamalus_balanus,1,SAND,0,Washington,WA Salish Sea,WA Salish Sea,NONE,NONE,Mainland,6/6/2023 13:07
UCSC,Post Point,POP,48.7120018,-122.51913,3080,2022,Summer,SU22,166,6/13/2022,chthamalus_balanus,1,SARMUT,0,Washington,WA Salish Sea,WA Salish Sea,NONE,NONE,Mainland,6/6/2023 13:07
UCSC,Post Point,POP,48.7120018,-122.51913,3080,2022,Summer,SU22,166,6/13/2022,chthamalus_balanus,1,SCYSPP,0,Washington,WA Salish Sea,WA Salish Sea,NONE,NONE,Mainland,6/6/2023 13:07
UCSC,Post Point,POP,48.7120018,-122.51913,3080,2022,Summer,SU22,166,6/13/2022,chthamalus_balanus,1,SEMCAR,0,Washington,WA Salish Sea,WA Salish Sea,NONE,NONE,Mainland,6/6/2023 13:07
UCSC,Post Point,POP,48.7120018,-122.51913,3080,2022,Summer,SU22,166,6/13/2022,chthamalus_balanus,1,SEPBRA,0,Washington,WA Salish Sea,WA Salish Sea,NONE,NONE,Mainland,6/6/2023 13:07
UCSC,Post Point,POP,48.7120018,-122.51913,3080,2022,Summer,SU22,166,6/13/2022,chthamalus_balanus,1,SILCOM,0,Washington,WA Salish Sea,WA Salish Sea,NONE,NONE,Mainland,6/6/2023 13:07
UCSC,Post Point,POP,48.7120018,-122.51913,3080,2022,Summer,SU22,166,6/13/2022,chthamalus_balanus,1,TAR,0,Washington,WA Salish Sea,WA Salish Sea,NONE,NONE,Mainland,6/6/2023 13:07
UCSC,Post Point,POP,48.7120018,-122.51913,3080,2022,Summer,SU22,166,6/13/2022,chthamalus_balanus,1,TETRUB,0,Washington,WA Salish Sea,WA Salish Sea,NONE,NONE,Mainland,6/6/2023 13:07
UCSC,Post Point,POP,48.7120018,-122.51913,3080,2022,Summer,SU22,166,6/13/2022,chthamalus_balanus,1,ULVENT,2,Washington,WA Salish Sea,WA Salish Sea,NONE,NONE,Mainland,6/6/2023 13:07
UCSC,Post Point,POP,48.7120018,-122.51913,3080,2022,Summer,SU22,166,6/13/2022,chthamalus_balanus,2,ANTELE,0,Washington,WA Salish Sea,WA Salish Sea,NONE,NONE,Mainland,6/6/2023 13:07
UCSC,Post Point,POP,48.7120018,-122.51913,3080,2022,Summer,SU22,166,6/13/2022,chthamalus_balanus,2,ARTCOR,0,Washington,WA Salish Sea,WA Salish Sea,NONE,NONE,Mainland,6/6/2023 13:07
UCSC,Post Point,POP,48.7120018,-122.51913,3080,2022,Summer,SU22,166,6/13/2022,chthamalus_balanus,2,CHITON,0,Washington,WA Salish Sea,WA Salish Sea,NONE,NONE,Mainland,6/6/2023 13:07
UCSC,Post Point,POP,48.7120018,-122.51913,3080,2022,Summer,SU22,166,6/13/2022,chthamalus_balanus,2,CHOCAN,0,Washington,WA Salish Sea,WA Salish Sea,NONE,NONE,Mainland,6/6/2023 13:07
UCSC,Post Point,POP,48.7120018,-122.51913,3080,2022,Summer,SU22,166,6/13/2022,chthamalus_balanus,2,CHTBAL,50,Washington,WA Salish Sea,WA Salish Sea,NONE,NONE,Mainland,6/6/2023 13:07
UCSC,Post Point,POP,48.7120018,-122.51913,3080,2022,Summer,SU22,166,6/13/2022,chthamalus_balanus,2,CLACOL,0,Washington,WA Salish Sea,WA Salish Sea,NONE,NONE,Mainland,6/6/2023 13:07
UCSC,Post Point,POP,48.7120018,-122.51913,3080,2022,Summer,SU22,166,6/13/2022,chthamalus_balanus,2,CRUCOR,0,Washington,WA Salish Sea,WA Salish Sea,NONE,NONE,Mainland,6/6/2023 13:07
UCSC,Post Point,POP,48.7120018,-122.51913,3080,2022,Summer,SU22,166,6/13/2022,chthamalus_balanus,2,EGRMEN,0,Washington,WA Salish Sea,WA Salish Sea,NONE,NONE,Mainland,6/6/2023 13:07
UCSC,Post Point,POP,48.7120018,-122.51913,3080,2022,Summer,SU22,166,6/13/2022,chthamalus_balanus,2,EISARB,0,Washington,WA Salish Sea,WA Salish Sea,NONE,NONE,Mainland,6/6/2023 13:07
UCSC,Post Point,POP,48.7120018,-122.51913,3080,2022,Summer,SU22,166,6/13/2022,chthamalus_balanus,2,ENDMUR,0,Washington,WA Salish Sea,WA Salish Sea,NONE,NONE,Mainland,6/6/2023 13:07
UCSC,Post Point,POP,48.7120018,-122.51913,3080,2022,Summer,SU22,166,6/13/2022,chthamalus_balanus,2,ENPEPH,0,Washington,WA Salish Sea,WA Salish Sea,NONE,NONE,Mainland,6/6/2023 13:07
UCSC,Post Point,POP,48.7120018,-122.51913,3080,2022,Summer,SU22,166,6/13/2022,chthamalus_balanus,2,FUCGAR,14,Washington,WA Salish Sea,WA Salish Sea,NONE,NONE,Mainland,6/6/2023 13:07
UCSC,Post Point,POP,48.7120018,-122.51913,3080,2022,Summer,SU22,166,6/13/2022,chthamalus_balanus,2,HALSTE,0,Washington,WA Salish Sea,WA Salish Sea,NONE,NONE,Mainland,6/6/2023 13:07
UCSC,Post Point,POP,48.7120018,-122.51913,3080,2022,Summer,SU22,166,6/13/2022,chthamalus_balanus,2,HESCAL,0,Washington,WA Salish Sea,WA Salish Sea,NONE,NONE,Mainland,6/6/2023 13:07
UCSC,Post Point,POP,48.7120018,-122.51913,3080,2022,Summer,SU22,166,6/13/2022,chthamalus_balanus,2,LIMPET,0,Washington,WA Salish Sea,WA Salish Sea,NONE,NONE,Mainland,6/6/2023 13:07
UCSC,Post Point,POP,48.7120018,-122.51913,3080,2022,Summer,SU22,166,6/13/2022,chthamalus_balanus,2,LOTGIG,0,Washington,WA Salish Sea,WA Salish Sea,NONE,NONE,Mainland,6/6/2023 13:07
UCSC,Post Point,POP,48.7120018,-122.51913,3080,2022,Summer,SU22,166,6/13/2022,chthamalus_balanus,2,MASSPP,0,Washington,WA Salish Sea,WA Salish Sea,NONE,NONE,Mainland,6/6/2023 13:07
UCSC,Post Point,POP,48.7120018,-122.51913,3080,2022,Summer,SU22,166,6/13/2022,chthamalus_balanus,2,MAZAFF,0,Washington,WA Salish Sea,WA Salish Sea,NONE,NONE,Mainland,6/6/2023 13:07
UCSC,Post Point,POP,48.7120018,-122.51913,3080,2022,Summer,SU22,166,6/13/2022,chthamalus_balanus,2,MAZSPP,0,Washington,WA Salish Sea,WA Salish Sea,NONE,NONE,Mainland,6/6/2023 13:07
UCSC,Post Point,POP,48.7120018,-122.51913,3080,2022,Summer,SU22,166,6/13/2022,chthamalus_balanus,2,MYTCAL,0,Washington,WA Salish Sea,WA Salish Sea,NONE,NONE,Mainland,6/6/2023 13:07
UCSC,Post Point,POP,48.7120018,-122.51913,3080,2022,Summer,SU22,166,6/13/2022,chthamalus_balanus,2,MYTTRO,0,Washington,WA Salish Sea,WA Salish Sea,NONE,NONE,Mainland,6/6/2023 13:07
UCSC,Post Point,POP,48.7120018,-122.51913,3080,2022,Summer,SU22,166,6/13/2022,chthamalus_balanus,2,NEOLAR,0,Washington,WA Salish Sea,WA Salish Sea,NONE,NONE,Mainland,6/6/2023 13:07
UCSC,Post Point,POP,48.7120018,-122.51913,3080,2022,Summer,SU22,166,6/13/2022,chthamalus_balanus,2,NONCRU,0,Washington,WA Salish Sea,WA Salish Sea,NONE,NONE,Mainland,6/6/2023 13:07
UCSC,Post Point,POP,48.7120018,-122.51913,3080,2022,Summer,SU22,166,6/13/2022,chthamalus_balanus,2,OTHALG,0,Washington,WA Salish Sea,WA Salish Sea,NONE,NONE,Mainland,6/6/2023 13:07
UCSC,Post Point,POP,48.7120018,-122.51913,3080,2022,Summer,SU22,166,6/13/2022,chthamalus_balanus,2,OTHBAR,0,Washington,WA Salish Sea,WA Salish Sea,NONE,NONE,Mainland,6/6/2023 13:07
UCSC,Post Point,POP,48.7120018,-122.51913,3080,2022,Summer,SU22,166,6/13/2022,chthamalus_balanus,2,OTHBRO,0,Washington,WA Salish Sea,WA Salish Sea,NONE,NONE,Mainland,6/6/2023 13:07
UCSC,Post Point,POP,48.7120018,-122.51913,3080,2022,Summer,SU22,166,6/13/2022,chthamalus_balanus,2,OTHGRE,0,Washington,WA Salish Sea,WA Salish Sea,NONE,NONE,Mainland,6/6/2023 13:07
UCSC,Post Point,POP,48.7120018,-122.51913,3080,2022,Summer,SU22,166,6/13/2022,chthamalus_balanus,2,OTHINV,0,Washington,WA Salish Sea,WA Salish Sea,NONE,NONE,Mainland,6/6/2023 13:07
UCSC,Post Point,POP,48.7120018,-122.51913,3080,2022,Summer,SU22,166,6/13/2022,chthamalus_balanus,2,OTHRED,0,Washington,WA Salish Sea,WA Salish Sea,NONE,NONE,Mainland,6/6/2023 13:07
UCSC,Post Point,POP,48.7120018,-122.51913,3080,2022,Summer,SU22,166,6/13/2022,chthamalus_balanus,2,OTHSUB,3,Washington,WA Salish Sea,WA Salish Sea,NONE,NONE,Mainland,6/6/2023 13:07
UCSC,Post Point,POP,48.7120018,-122.51913,3080,2022,Summer,SU22,166,6/13/2022,chthamalus_balanus,2,PELLIM,0,Washington,WA Salish Sea,WA Salish Sea,NONE,NONE,Mainland,6/6/2023 13:07
UCSC,Post Point,POP,48.7120018,-122.51913,3080,2022,Summer,SU22,166,6/13/2022,chthamalus_balanus,2,PHRSAB,0,Washington,WA Salish Sea,WA Salish Sea,NONE,NONE,Mainland,6/6/2023 13:07
UCSC,Post Point,POP,48.7120018,-122.51913,3080,2022,Summer,SU22,166,6/13/2022,chthamalus_balanus,2,PHYSPP,0,Washington,WA Salish Sea,WA Salish Sea,NONE,NONE,Mainland,6/6/2023 13:07
UCSC,Post Point,POP,48.7120018,-122.51913,3080,2022,Summer,SU22,166,6/13/2022,chthamalus_balanus,2,PISOCH,0,Washington,WA Salish Sea,WA Salish Sea,NONE,NONE,Mainland,6/6/2023 13:07
UCSC,Post Point,POP,48.7120018,-122.51913,3080,2022,Summer,SU22,166,6/13/2022,chthamalus_balanus,2,POLPOL,0,Washington,WA Salish Sea,WA Salish Sea,NONE,NONE,Mainland,6/6/2023 13:07
UCSC,Post Point,POP,48.7120018,-122.51913,3080,2022,Summer,SU22,166,6/13/2022,chthamalus_balanus,2,PORSPP,0,Washington,WA Salish Sea,WA Salish Sea,NONE,NONE,Mainland,6/6/2023 13:07
UCSC,Post Point,POP,48.7120018,-122.51913,3080,2022,Summer,SU22,166,6/13/2022,chthamalus_balanus,2,ROCK,33,Washington,WA Salish Sea,WA Salish Sea,NONE,NONE,Mainland,6/6/2023 13:07
UCSC,Post Point,POP,48.7120018,-122.51913,3080,2022,Summer,SU22,166,6/13/2022,chthamalus_balanus,2,SAND,0,Washington,WA Salish Sea,WA Salish Sea,NONE,NONE,Mainland,6/6/2023 13:07
UCSC,Post Point,POP,48.7120018,-122.51913,3080,2022,Summer,SU22,166,6/13/2022,chthamalus_balanus,2,SARMUT,0,Washington,WA Salish Sea,WA Salish Sea,NONE,NONE,Mainland,6/6/2023 13:07
UCSC,Post Point,POP,48.7120018,-122.51913,3080,2022,Summer,SU22,166,6/13/2022,chthamalus_balanus,2,SCYSPP,0,Washington,WA Salish Sea,WA Salish Sea,NONE,NONE,Mainland,6/6/2023 13:07
UCSC,Post Point,POP,48.7120018,-122.51913,3080,2022,Summer,SU22,166,6/13/2022,chthamalus_balanus,2,SEMCAR,0,Washington,WA Salish Sea,WA Salish Sea,NONE,NONE,Mainland,6/6/2023 13:07
UCSC,Post Point,POP,48.7120018,-122.51913,3080,2022,Summer,SU22,166,6/13/2022,chthamalus_balanus,2,SEPBRA,0,Washington,WA Salish Sea,WA Salish Sea,NONE,NONE,Mainland,6/6/2023 13:07
UCSC,Post Point,POP,48.7120018,-122.51913,3080,2022,Summer,SU22,166,6/13/2022,chthamalus_balanus,2,SILCOM,0,Washington,WA Salish Sea,WA Salish Sea,NONE,NONE,Mainland,6/6/2023 13:07
UCSC,Post Point,POP,48.7120018,-122.51913,3080,2022,Summer,SU22,166,6/13/2022,chthamalus_balanus,2,TAR,0,Washington,WA Salish Sea,WA Salish Sea,NONE,NONE,Mainland,6/6/2023 13:07
UCSC,Post Point,POP,48.7120018,-122.51913,3080,2022,Summer,SU22,166,6/13/2022,chthamalus_balanus,2,TETRUB,0,Washington,WA Salish Sea,WA Salish Sea,NONE,NONE,Mainland,6/6/2023 13:07
UCSC,Post Point,POP,48.7120018,-122.51913,3080,2022,Summer,SU22,166,6/13/2022,chthamalus_balanus,2,ULVENT,0,Washington,WA Salish Sea,WA Salish Sea,NONE,NONE,Mainland,6/6/2023 13:07
UCSC,Post Point,POP,48.7120018,-122.51913,3080,2022,Summer,SU22,166,6/13/2022,chthamalus_balanus,3,ANTELE,0,Washington,WA Salish Sea,WA Salish Sea,NONE,NONE,Mainland,6/6/2023 13:07
UCSC,Post Point,POP,48.7120018,-122.51913,3080,2022,Summer,SU22,166,6/13/2022,chthamalus_balanus,3,ARTCOR,0,Washington,WA Salish Sea,WA Salish Sea,NONE,NONE,Mainland,6/6/2023 13:07
UCSC,Post Point,POP,48.7120018,-122.51913,3080,2022,Summer,SU22,166,6/13/2022,chthamalus_balanus,3,CHITON,0,Washington,WA Salish Sea,WA Salish Sea,NONE,NONE,Mainland,6/6/2023 13:07
UCSC,Post Point,POP,48.7120018,-122.51913,3080,2022,Summer,SU22,166,6/13/2022,chthamalus_balanus,3,CHOCAN,0,Washington,WA Salish Sea,WA Salish Sea,NONE,NONE,Mainland,6/6/2023 13:07
UCSC,Post Point,POP,48.7120018,-122.51913,3080,2022,Summer,SU22,166,6/13/2022,chthamalus_balanus,3,CHTBAL,56,Washington,WA Salish Sea,WA Salish Sea,NONE,NONE,Mainland,6/6/2023 13:07
UCSC,Post Point,POP,48.7120018,-122.51913,3080,2022,Summer,SU22,166,6/13/2022,chthamalus_balanus,3,CLACOL,0,Washington,WA Salish Sea,WA Salish Sea,NONE,NONE,Mainland,6/6/2023 13:07
UCSC,Post Point,POP,48.7120018,-122.51913,3080,2022,Summer,SU22,166,6/13/2022,chthamalus_balanus,3,CRUCOR,0,Washington,WA Salish Sea,WA Salish Sea,NONE,NONE,Mainland,6/6/2023 13:07
UCSC,Post Point,POP,48.7120018,-122.51913,3080,2022,Summer,SU22,166,6/13/2022,chthamalus_balanus,3,EGRMEN,0,Washington,WA Salish Sea,WA Salish Sea,NONE,NONE,Mainland,6/6/2023 13:07
UCSC,Post Point,POP,48.7120018,-122.51913,3080,2022,Summer,SU22,166,6/13/2022,chthamalus_balanus,3,EISARB,0,Washington,WA Salish Sea,WA Salish Sea,NONE,NONE,Mainland,6/6/2023 13:07
UCSC,Post Point,POP,48.7120018,-122.51913,3080,2022,Summer,SU22,166,6/13/2022,chthamalus_balanus,3,ENDMUR,0,Washington,WA Salish Sea,WA Salish Sea,NONE,NONE,Mainland,6/6/2023 13:07
UCSC,Post Point,POP,48.7120018,-122.51913,3080,2022,Summer,SU22,166,6/13/2022,chthamalus_balanus,3,ENPEPH,0,Washington,WA Salish Sea,WA Salish Sea,NONE,NONE,Mainland,6/6/2023 13:07
UCSC,Post Point,POP,48.7120018,-122.51913,3080,2022,Summer,SU22,166,6/13/2022,chthamalus_balanus,3,FUCGAR,15,Washington,WA Salish Sea,WA Salish Sea,NONE,NONE,Mainland,6/6/2023 13:07
UCSC,Post Point,POP,48.7120018,-122.51913,3080,2022,Summer,SU22,166,6/13/2022,chthamalus_balanus,3,HALSTE,0,Washington,WA Salish Sea,WA Salish Sea,NONE,NONE,Mainland,6/6/2023 13:07
UCSC,Post Point,POP,48.7120018,-122.51913,3080,2022,Summer,SU22,166,6/13/2022,chthamalus_balanus,3,HESCAL,0,Washington,WA Salish Sea,WA Salish Sea,NONE,NONE,Mainland,6/6/2023 13:07
UCSC,Post Point,POP,48.7120018,-122.51913,3080,2022,Summer,SU22,166,6/13/2022,chthamalus_balanus,3,LIMPET,1,Washington,WA Salish Sea,WA Salish Sea,NONE,NONE,Mainland,6/6/2023 13:07
UCSC,Post Point,POP,48.7120018,-122.51913,3080,2022,Summer,SU22,166,6/13/2022,chthamalus_balanus,3,LOTGIG,0,Washington,WA Salish Sea,WA Salish Sea,NONE,NONE,Mainland,6/6/2023 13:07
UCSC,Post Point,POP,48.7120018,-122.51913,3080,2022,Summer,SU22,166,6/13/2022,chthamalus_balanus,3,MASSPP,3,Washington,WA Salish Sea,WA Salish Sea,NONE,NONE,Mainland,6/6/2023 13:07
UCSC,Post Point,POP,48.7120018,-122.51913,3080,2022,Summer,SU22,166,6/13/2022,chthamalus_balanus,3,MAZAFF,0,Washington,WA Salish Sea,WA Salish Sea,NONE,NONE,Mainland,6/6/2023 13:07
UCSC,Post Point,POP,48.7120018,-122.51913,3080,2022,Summer,SU22,166,6/13/2022,chthamalus_balanus,3,MAZSPP,0,Washington,WA Salish Sea,WA Salish Sea,NONE,NONE,Mainland,6/6/2023 13:07
UCSC,Post Point,POP,48.7120018,-122.51913,3080,2022,Summer,SU22,166,6/13/2022,chthamalus_balanus,3,MYTCAL,0,Washington,WA Salish Sea,WA Salish Sea,NONE,NONE,Mainland,6/6/2023 13:07
UCSC,Post Point,POP,48.7120018,-122.51913,3080,2022,Summer,SU22,166,6/13/2022,chthamalus_balanus,3,MYTTRO,0,Washington,WA Salish Sea,WA Salish Sea,NONE,NONE,Mainland,6/6/2023 13:07
UCSC,Post Point,POP,48.7120018,-122.51913,3080,2022,Summer,SU22,166,6/13/2022,chthamalus_balanus,3,NEOLAR,0,Washington,WA Salish Sea,WA Salish Sea,NONE,NONE,Mainland,6/6/2023 13:07
UCSC,Post Point,POP,48.7120018,-122.51913,3080,2022,Summer,SU22,166,6/13/2022,chthamalus_balanus,3,NONCRU,0,Washington,WA Salish Sea,WA Salish Sea,NONE,NONE,Mainland,6/6/2023 13:07
UCSC,Post Point,POP,48.7120018,-122.51913,3080,2022,Summer,SU22,166,6/13/2022,chthamalus_balanus,3,OTHALG,0,Washington,WA Salish Sea,WA Salish Sea,NONE,NONE,Mainland,6/6/2023 13:07
UCSC,Post Point,POP,48.7120018,-122.51913,3080,2022,Summer,SU22,166,6/13/2022,chthamalus_balanus,3,OTHBAR,0,Washington,WA Salish Sea,WA Salish Sea,NONE,NONE,Mainland,6/6/2023 13:07
UCSC,Post Point,POP,48.7120018,-122.51913,3080,2022,Summer,SU22,166,6/13/2022,chthamalus_balanus,3,OTHBRO,0,Washington,WA Salish Sea,WA Salish Sea,NONE,NONE,Mainland,6/6/2023 13:07
UCSC,Post Point,POP,48.7120018,-122.51913,3080,2022,Summer,SU22,166,6/13/2022,chthamalus_balanus,3,OTHGRE,0,Washington,WA Salish Sea,WA Salish Sea,NONE,NONE,Mainland,6/6/2023 13:07
UCSC,Post Point,POP,48.7120018,-122.51913,3080,2022,Summer,SU22,166,6/13/2022,chthamalus_balanus,3,OTHINV,0,Washington,WA Salish Sea,WA Salish Sea,NONE,NONE,Mainland,6/6/2023 13:07
UCSC,Post Point,POP,48.7120018,-122.51913,3080,2022,Summer,SU22,166,6/13/2022,chthamalus_balanus,3,OTHRED,0,Washington,WA Salish Sea,WA Salish Sea,NONE,NONE,Mainland,6/6/2023 13:07
UCSC,Post Point,POP,48.7120018,-122.51913,3080,2022,Summer,SU22,166,6/13/2022,chthamalus_balanus,3,OTHSUB,17,Washington,WA Salish Sea,WA Salish Sea,NONE,NONE,Mainland,6/6/2023 13:07
UCSC,Post Point,POP,48.7120018,-122.51913,3080,2022,Summer,SU22,166,6/13/2022,chthamalus_balanus,3,PELLIM,0,Washington,WA Salish Sea,WA Salish Sea,NONE,NONE,Mainland,6/6/2023 13:07
UCSC,Post Point,POP,48.7120018,-122.51913,3080,2022,Summer,SU22,166,6/13/2022,chthamalus_balanus,3,PHRSAB,0,Washington,WA Salish Sea,WA Salish Sea,NONE,NONE,Mainland,6/6/2023 13:07
UCSC,Post Point,POP,48.7120018,-122.51913,3080,2022,Summer,SU22,166,6/13/2022,chthamalus_balanus,3,PHYSPP,0,Washington,WA Salish Sea,WA Salish Sea,NONE,NONE,Mainland,6/6/2023 13:07
UCSC,Post Point,POP,48.7120018,-122.51913,3080,2022,Summer,SU22,166,6/13/2022,chthamalus_balanus,3,PISOCH,0,Washington,WA Salish Sea,WA Salish Sea,NONE,NONE,Mainland,6/6/2023 13:07
UCSC,Post Point,POP,48.7120018,-122.51913,3080,2022,Summer,SU22,166,6/13/2022,chthamalus_balanus,3,POLPOL,0,Washington,WA Salish Sea,WA Salish Sea,NONE,NONE,Mainland,6/6/2023 13:07
UCSC,Post Point,POP,48.7120018,-122.51913,3080,2022,Summer,SU22,166,6/13/2022,chthamalus_balanus,3,PORSPP,0,Washington,WA Salish Sea,WA Salish Sea,NONE,NONE,Mainland,6/6/2023 13:07
UCSC,Post Point,POP,48.7120018,-122.51913,3080,2022,Summer,SU22,166,6/13/2022,chthamalus_balanus,3,ROCK,8,Washington,WA Salish Sea,WA Salish Sea,NONE,NONE,Mainland,6/6/2023 13:07
UCSC,Post Point,POP,48.7120018,-122.51913,3080,2022,Summer,SU22,166,6/13/2022,chthamalus_balanus,3,SAND,0,Washington,WA Salish Sea,WA Salish Sea,NONE,NONE,Mainland,6/6/2023 13:07
UCSC,Post Point,POP,48.7120018,-122.51913,3080,2022,Summer,SU22,166,6/13/2022,chthamalus_balanus,3,SARMUT,0,Washington,WA Salish Sea,WA Salish Sea,NONE,NONE,Mainland,6/6/2023 13:07
UCSC,Post Point,POP,48.7120018,-122.51913,3080,2022,Summer,SU22,166,6/13/2022,chthamalus_balanus,3,SCYSPP,0,Washington,WA Salish Sea,WA Salish Sea,NONE,NONE,Mainland,6/6/2023 13:07
UCSC,Post Point,POP,48.7120018,-122.51913,3080,2022,Summer,SU22,166,6/13/2022,chthamalus_balanus,3,SEMCAR,0,Washington,WA Salish Sea,WA Salish Sea,NONE,NONE,Mainland,6/6/2023 13:07
UCSC,Post Point,POP,48.7120018,-122.51913,3080,2022,Summer,SU22,166,6/13/2022,chthamalus_balanus,3,SEPBRA,0,Washington,WA Salish Sea,WA Salish Sea,NONE,NONE,Mainland,6/6/2023 13:07
UCSC,Post Point,POP,48.7120018,-122.51913,3080,2022,Summer,SU22,166,6/13/2022,chthamalus_balanus,3,SILCOM,0,Washington,WA Salish Sea,WA Salish Sea,NONE,NONE,Mainland,6/6/2023 13:07
UCSC,Post Point,POP,48.7120018,-122.51913,3080,2022,Summer,SU22,166,6/13/2022,chthamalus_balanus,3,TAR,0,Washington,WA Salish Sea,WA Salish Sea,NONE,NONE,Mainland,6/6/2023 13:07
UCSC,Post Point,POP,48.7120018,-122.51913,3080,2022,Summer,SU22,166,6/13/2022,chthamalus_balanus,3,TETRUB,0,Washington,WA Salish Sea,WA Salish Sea,NONE,NONE,Mainland,6/6/2023 13:07
UCSC,Post Point,POP,48.7120018,-122.51913,3080,2022,Summer,SU22,166,6/13/2022,chthamalus_balanus,3,ULVENT,0,Washington,WA Salish Sea,WA Salish Sea,NONE,NONE,Mainland,6/6/2023 13:07
UCSC,Post Point,POP,48.7120018,-122.51913,3080,2022,Summer,SU22,166,6/13/2022,chthamalus_balanus,4,ANTELE,0,Washington,WA Salish Sea,WA Salish Sea,NONE,NONE,Mainland,6/6/2023 13:07
UCSC,Post Point,POP,48.7120018,-122.51913,3080,2022,Summer,SU22,166,6/13/2022,chthamalus_balanus,4,ARTCOR,0,Washington,WA Salish Sea,WA Salish Sea,NONE,NONE,Mainland,6/6/2023 13:07
UCSC,Post Point,POP,48.7120018,-122.51913,3080,2022,Summer,SU22,166,6/13/2022,chthamalus_balanus,4,CHITON,0,Washington,WA Salish Sea,WA Salish Sea,NONE,NONE,Mainland,6/6/2023 13:07
UCSC,Post Point,POP,48.7120018,-122.51913,3080,2022,Summer,SU22,166,6/13/2022,chthamalus_balanus,4,CHOCAN,0,Washington,WA Salish Sea,WA Salish Sea,NONE,NONE,Mainland,6/6/2023 13:07
UCSC,Post Point,POP,48.7120018,-122.51913,3080,2022,Summer,SU22,166,6/13/2022,chthamalus_balanus,4,CHTBAL,86,Washington,WA Salish Sea,WA Salish Sea,NONE,NONE,Mainland,6/6/2023 13:07
UCSC,Post Point,POP,48.7120018,-122.51913,3080,2022,Summer,SU22,166,6/13/2022,chthamalus_balanus,4,CLACOL,0,Washington,WA Salish Sea,WA Salish Sea,NONE,NONE,Mainland,6/6/2023 13:07
UCSC,Post Point,POP,48.7120018,-122.51913,3080,2022,Summer,SU22,166,6/13/2022,chthamalus_balanus,4,CRUCOR,0,Washington,WA Salish Sea,WA Salish Sea,NONE,NONE,Mainland,6/6/2023 13:07
UCSC,Post Point,POP,48.7120018,-122.51913,3080,2022,Summer,SU22,166,6/13/2022,chthamalus_balanus,4,EGRMEN,0,Washington,WA Salish Sea,WA Salish Sea,NONE,NONE,Mainland,6/6/2023 13:07
UCSC,Post Point,POP,48.7120018,-122.51913,3080,2022,Summer,SU22,166,6/13/2022,chthamalus_balanus,4,EISARB,0,Washington,WA Salish Sea,WA Salish Sea,NONE,NONE,Mainland,6/6/2023 13:07
UCSC,Post Point,POP,48.7120018,-122.51913,3080,2022,Summer,SU22,166,6/13/2022,chthamalus_balanus,4,ENDMUR,0,Washington,WA Salish Sea,WA Salish Sea,NONE,NONE,Mainland,6/6/2023 13:07
UCSC,Post Point,POP,48.7120018,-122.51913,3080,2022,Summer,SU22,166,6/13/2022,chthamalus_balanus,4,ENPEPH,0,Washington,WA Salish Sea,WA Salish Sea,NONE,NONE,Mainland,6/6/2023 13:07
UCSC,Post Point,POP,48.7120018,-122.51913,3080,2022,Summer,SU22,166,6/13/2022,chthamalus_balanus,4,FUCGAR,1,Washington,WA Salish Sea,WA Salish Sea,NONE,NONE,Mainland,6/6/2023 13:07
UCSC,Post Point,POP,48.7120018,-122.51913,3080,2022,Summer,SU22,166,6/13/2022,chthamalus_balanus,4,HALSTE,0,Washington,WA Salish Sea,WA Salish Sea,NONE,NONE,Mainland,6/6/2023 13:07
UCSC,Post Point,POP,48.7120018,-122.51913,3080,2022,Summer,SU22,166,6/13/2022,chthamalus_balanus,4,HESCAL,0,Washington,WA Salish Sea,WA Salish Sea,NONE,NONE,Mainland,6/6/2023 13:07
UCSC,Post Point,POP,48.7120018,-122.51913,3080,2022,Summer,SU22,166,6/13/2022,chthamalus_balanus,4,LIMPET,0,Washington,WA Salish Sea,WA Salish Sea,NONE,NONE,Mainland,6/6/2023 13:07
UCSC,Post Point,POP,48.7120018,-122.51913,3080,2022,Summer,SU22,166,6/13/2022,chthamalus_balanus,4,LOTGIG,0,Washington,WA Salish Sea,WA Salish Sea,NONE,NONE,Mainland,6/6/2023 13:07
UCSC,Post Point,POP,48.7120018,-122.51913,3080,2022,Summer,SU22,166,6/13/2022,chthamalus_balanus,4,MASSPP,2,Washington,WA Salish Sea,WA Salish Sea,NONE,NONE,Mainland,6/6/2023 13:07
UCSC,Post Point,POP,48.7120018,-122.51913,3080,2022,Summer,SU22,166,6/13/2022,chthamalus_balanus,4,MAZAFF,0,Washington,WA Salish Sea,WA Salish Sea,NONE,NONE,Mainland,6/6/2023 13:07
UCSC,Post Point,POP,48.7120018,-122.51913,3080,2022,Summer,SU22,166,6/13/2022,chthamalus_balanus,4,MAZSPP,0,Washington,WA Salish Sea,WA Salish Sea,NONE,NONE,Mainland,6/6/2023 13:07
UCSC,Post Point,POP,48.7120018,-122.51913,3080,2022,Summer,SU22,166,6/13/2022,chthamalus_balanus,4,MYTCAL,0,Washington,WA Salish Sea,WA Salish Sea,NONE,NONE,Mainland,6/6/2023 13:07
UCSC,Post Point,POP,48.7120018,-122.51913,3080,2022,Summer,SU22,166,6/13/2022,chthamalus_balanus,4,MYTTRO,0,Washington,WA Salish Sea,WA Salish Sea,NONE,NONE,Mainland,6/6/2023 13:07
UCSC,Post Point,POP,48.7120018,-122.51913,3080,2022,Summer,SU22,166,6/13/2022,chthamalus_balanus,4,NEOLAR,0,Washington,WA Salish Sea,WA Salish Sea,NONE,NONE,Mainland,6/6/2023 13:07
UCSC,Post Point,POP,48.7120018,-122.51913,3080,2022,Summer,SU22,166,6/13/2022,chthamalus_balanus,4,NONCRU,0,Washington,WA Salish Sea,WA Salish Sea,NONE,NONE,Mainland,6/6/2023 13:07
UCSC,Post Point,POP,48.7120018,-122.51913,3080,2022,Summer,SU22,166,6/13/2022,chthamalus_balanus,4,OTHALG,0,Washington,WA Salish Sea,WA Salish Sea,NONE,NONE,Mainland,6/6/2023 13:07
UCSC,Post Point,POP,48.7120018,-122.51913,3080,2022,Summer,SU22,166,6/13/2022,chthamalus_balanus,4,OTHBAR,0,Washington,WA Salish Sea,WA Salish Sea,NONE,NONE,Mainland,6/6/2023 13:07
UCSC,Post Point,POP,48.7120018,-122.51913,3080,2022,Summer,SU22,166,6/13/2022,chthamalus_balanus,4,OTHBRO,0,Washington,WA Salish Sea,WA Salish Sea,NONE,NONE,Mainland,6/6/2023 13:07
UCSC,Post Point,POP,48.7120018,-122.51913,3080,2022,Summer,SU22,166,6/13/2022,chthamalus_balanus,4,OTHGRE,0,Washington,WA Salish Sea,WA Salish Sea,NONE,NONE,Mainland,6/6/2023 13:07
UCSC,Post Point,POP,48.7120018,-122.51913,3080,2022,Summer,SU22,166,6/13/2022,chthamalus_balanus,4,OTHINV,0,Washington,WA Salish Sea,WA Salish Sea,NONE,NONE,Mainland,6/6/2023 13:07
UCSC,Post Point,POP,48.7120018,-122.51913,3080,2022,Summer,SU22,166,6/13/2022,chthamalus_balanus,4,OTHRED,0,Washington,WA Salish Sea,WA Salish Sea,NONE,NONE,Mainland,6/6/2023 13:07
UCSC,Post Point,POP,48.7120018,-122.51913,3080,2022,Summer,SU22,166,6/13/2022,chthamalus_balanus,4,OTHSUB,3,Washington,WA Salish Sea,WA Salish Sea,NONE,NONE,Mainland,6/6/2023 13:07
UCSC,Post Point,POP,48.7120018,-122.51913,3080,2022,Summer,SU22,166,6/13/2022,chthamalus_balanus,4,PELLIM,0,Washington,WA Salish Sea,WA Salish Sea,NONE,NONE,Mainland,6/6/2023 13:07
UCSC,Post Point,POP,48.7120018,-122.51913,3080,2022,Summer,SU22,166,6/13/2022,chthamalus_balanus,4,PHRSAB,0,Washington,WA Salish Sea,WA Salish Sea,NONE,NONE,Mainland,6/6/2023 13:07
UCSC,Post Point,POP,48.7120018,-122.51913,3080,2022,Summer,SU22,166,6/13/2022,chthamalus_balanus,4,PHYSPP,0,Washington,WA Salish Sea,WA Salish Sea,NONE,NONE,Mainland,6/6/2023 13:07
UCSC,Post Point,POP,48.7120018,-122.51913,3080,2022,Summer,SU22,166,6/13/2022,chthamalus_balanus,4,PISOCH,0,Washington,WA Salish Sea,WA Salish Sea,NONE,NONE,Mainland,6/6/2023 13:07
UCSC,Post Point,POP,48.7120018,-122.51913,3080,2022,Summer,SU22,166,6/13/2022,chthamalus_balanus,4,POLPOL,0,Washington,WA Salish Sea,WA Salish Sea,NONE,NONE,Mainland,6/6/2023 13:07
UCSC,Post Point,POP,48.7120018,-122.51913,3080,2022,Summer,SU22,166,6/13/2022,chthamalus_balanus,4,PORSPP,0,Washington,WA Salish Sea,WA Salish Sea,NONE,NONE,Mainland,6/6/2023 13:07
UCSC,Post Point,POP,48.7120018,-122.51913,3080,2022,Summer,SU22,166,6/13/2022,chthamalus_balanus,4,ROCK,8,Washington,WA Salish Sea,WA Salish Sea,NONE,NONE,Mainland,6/6/2023 13:07
UCSC,Post Point,POP,48.7120018,-122.51913,3080,2022,Summer,SU22,166,6/13/2022,chthamalus_balanus,4,SAND,0,Washington,WA Salish Sea,WA Salish Sea,NONE,NONE,Mainland,6/6/2023 13:07
UCSC,Post Point,POP,48.7120018,-122.51913,3080,2022,Summer,SU22,166,6/13/2022,chthamalus_balanus,4,SARMUT,0,Washington,WA Salish Sea,WA Salish Sea,NONE,NONE,Mainland,6/6/2023 13:07
UCSC,Post Point,POP,48.7120018,-122.51913,3080,2022,Summer,SU22,166,6/13/2022,chthamalus_balanus,4,SCYSPP,0,Washington,WA Salish Sea,WA Salish Sea,NONE,NONE,Mainland,6/6/2023 13:07
UCSC,Post Point,POP,48.7120018,-122.51913,3080,2022,Summer,SU22,166,6/13/2022,chthamalus_balanus,4,SEMCAR,0,Washington,WA Salish Sea,WA Salish Sea,NONE,NONE,Mainland,6/6/2023 13:07
UCSC,Post Point,POP,48.7120018,-122.51913,3080,2022,Summer,SU22,166,6/13/2022,chthamalus_balanus,4,SEPBRA,0,Washington,WA Salish Sea,WA Salish Sea,NONE,NONE,Mainland,6/6/2023 13:07
UCSC,Post Point,POP,48.7120018,-122.51913,3080,2022,Summer,SU22,166,6/13/2022,chthamalus_balanus,4,SILCOM,0,Washington,WA Salish Sea,WA Salish Sea,NONE,NONE,Mainland,6/6/2023 13:07
UCSC,Post Point,POP,48.7120018,-122.51913,3080,2022,Summer,SU22,166,6/13/2022,chthamalus_balanus,4,TAR,0,Washington,WA Salish Sea,WA Salish Sea,NONE,NONE,Mainland,6/6/2023 13:07
UCSC,Post Point,POP,48.7120018,-122.51913,3080,2022,Summer,SU22,166,6/13/2022,chthamalus_balanus,4,TETRUB,0,Washington,WA Salish Sea,WA Salish Sea,NONE,NONE,Mainland,6/6/2023 13:07
UCSC,Post Point,POP,48.7120018,-122.51913,3080,2022,Summer,SU22,166,6/13/2022,chthamalus_balanus,4,ULVENT,0,Washington,WA Salish Sea,WA Salish Sea,NONE,NONE,Mainland,6/6/2023 13:07
UCSC,Post Point,POP,48.7120018,-122.51913,3080,2022,Summer,SU22,166,6/13/2022,chthamalus_balanus,5,ANTELE,0,Washington,WA Salish Sea,WA Salish Sea,NONE,NONE,Mainland,6/6/2023 13:07
UCSC,Post Point,POP,48.7120018,-122.51913,3080,2022,Summer,SU22,166,6/13/2022,chthamalus_balanus,5,ARTCOR,0,Washington,WA Salish Sea,WA Salish Sea,NONE,NONE,Mainland,6/6/2023 13:07
UCSC,Post Point,POP,48.7120018,-122.51913,3080,2022,Summer,SU22,166,6/13/2022,chthamalus_balanus,5,CHITON,0,Washington,WA Salish Sea,WA Salish Sea,NONE,NONE,Mainland,6/6/2023 13:07
UCSC,Post Point,POP,48.7120018,-122.51913,3080,2022,Summer,SU22,166,6/13/2022,chthamalus_balanus,5,CHOCAN,0,Washington,WA Salish Sea,WA Salish Sea,NONE,NONE,Mainland,6/6/2023 13:07
UCSC,Post Point,POP,48.7120018,-122.51913,3080,2022,Summer,SU22,166,6/13/2022,chthamalus_balanus,5,CHTBAL,49,Washington,WA Salish Sea,WA Salish Sea,NONE,NONE,Mainland,6/6/2023 13:07
UCSC,Post Point,POP,48.7120018,-122.51913,3080,2022,Summer,SU22,166,6/13/2022,chthamalus_balanus,5,CLACOL,0,Washington,WA Salish Sea,WA Salish Sea,NONE,NONE,Mainland,6/6/2023 13:07
UCSC,Post Point,POP,48.7120018,-122.51913,3080,2022,Summer,SU22,166,6/13/2022,chthamalus_balanus,5,CRUCOR,0,Washington,WA Salish Sea,WA Salish Sea,NONE,NONE,Mainland,6/6/2023 13:07
UCSC,Post Point,POP,48.7120018,-122.51913,3080,2022,Summer,SU22,166,6/13/2022,chthamalus_balanus,5,EGRMEN,0,Washington,WA Salish Sea,WA Salish Sea,NONE,NONE,Mainland,6/6/2023 13:07
UCSC,Post Point,POP,48.7120018,-122.51913,3080,2022,Summer,SU22,166,6/13/2022,chthamalus_balanus,5,EISARB,0,Washington,WA Salish Sea,WA Salish Sea,NONE,NONE,Mainland,6/6/2023 13:07
UCSC,Post Point,POP,48.7120018,-122.51913,3080,2022,Summer,SU22,166,6/13/2022,chthamalus_balanus,5,ENDMUR,0,Washington,WA Salish Sea,WA Salish Sea,NONE,NONE,Mainland,6/6/2023 13:07
UCSC,Post Point,POP,48.7120018,-122.51913,3080,2022,Summer,SU22,166,6/13/2022,chthamalus_balanus,5,ENPEPH,0,Washington,WA Salish Sea,WA Salish Sea,NONE,NONE,Mainland,6/6/2023 13:07
UCSC,Post Point,POP,48.7120018,-122.51913,3080,2022,Summer,SU22,166,6/13/2022,chthamalus_balanus,5,FUCGAR,0,Washington,WA Salish Sea,WA Salish Sea,NONE,NONE,Mainland,6/6/2023 13:07
UCSC,Post Point,POP,48.7120018,-122.51913,3080,2022,Summer,SU22,166,6/13/2022,chthamalus_balanus,5,HALSTE,0,Washington,WA Salish Sea,WA Salish Sea,NONE,NONE,Mainland,6/6/2023 13:07
UCSC,Post Point,POP,48.7120018,-122.51913,3080,2022,Summer,SU22,166,6/13/2022,chthamalus_balanus,5,HESCAL,0,Washington,WA Salish Sea,WA Salish Sea,NONE,NONE,Mainland,6/6/2023 13:07
UCSC,Post Point,POP,48.7120018,-122.51913,3080,2022,Summer,SU22,166,6/13/2022,chthamalus_balanus,5,LIMPET,0,Washington,WA Salish Sea,WA Salish Sea,NONE,NONE,Mainland,6/6/2023 13:07
UCSC,Post Point,POP,48.7120018,-122.51913,3080,2022,Summer,SU22,166,6/13/2022,chthamalus_balanus,5,LOTGIG,0,Washington,WA Salish Sea,WA Salish Sea,NONE,NONE,Mainland,6/6/2023 13:07
UCSC,Post Point,POP,48.7120018,-122.51913,3080,2022,Summer,SU22,166,6/13/2022,chthamalus_balanus,5,MASSPP,0,Washington,WA Salish Sea,WA Salish Sea,NONE,NONE,Mainland,6/6/2023 13:07
UCSC,Post Point,POP,48.7120018,-122.51913,3080,2022,Summer,SU22,166,6/13/2022,chthamalus_balanus,5,MAZAFF,0,Washington,WA Salish Sea,WA Salish Sea,NONE,NONE,Mainland,6/6/2023 13:07
UCSC,Post Point,POP,48.7120018,-122.51913,3080,2022,Summer,SU22,166,6/13/2022,chthamalus_balanus,5,MAZSPP,0,Washington,WA Salish Sea,WA Salish Sea,NONE,NONE,Mainland,6/6/2023 13:07
UCSC,Post Point,POP,48.7120018,-122.51913,3080,2022,Summer,SU22,166,6/13/2022,chthamalus_balanus,5,MYTCAL,0,Washington,WA Salish Sea,WA Salish Sea,NONE,NONE,Mainland,6/6/2023 13:07
UCSC,Post Point,POP,48.7120018,-122.51913,3080,2022,Summer,SU22,166,6/13/2022,chthamalus_balanus,5,MYTTRO,0,Washington,WA Salish Sea,WA Salish Sea,NONE,NONE,Mainland,6/6/2023 13:07
UCSC,Post Point,POP,48.7120018,-122.51913,3080,2022,Summer,SU22,166,6/13/2022,chthamalus_balanus,5,NEOLAR,0,Washington,WA Salish Sea,WA Salish Sea,NONE,NONE,Mainland,6/6/2023 13:07
UCSC,Post Point,POP,48.7120018,-122.51913,3080,2022,Summer,SU22,166,6/13/2022,chthamalus_balanus,5,NONCRU,0,Washington,WA Salish Sea,WA Salish Sea,NONE,NONE,Mainland,6/6/2023 13:07
UCSC,Post Point,POP,48.7120018,-122.51913,3080,2022,Summer,SU22,166,6/13/2022,chthamalus_balanus,5,OTHALG,0,Washington,WA Salish Sea,WA Salish Sea,NONE,NONE,Mainland,6/6/2023 13:07
UCSC,Post Point,POP,48.7120018,-122.51913,3080,2022,Summer,SU22,166,6/13/2022,chthamalus_balanus,5,OTHBAR,0,Washington,WA Salish Sea,WA Salish Sea,NONE,NONE,Mainland,6/6/2023 13:07
UCSC,Post Point,POP,48.7120018,-122.51913,3080,2022,Summer,SU22,166,6/13/2022,chthamalus_balanus,5,OTHBRO,0,Washington,WA Salish Sea,WA Salish Sea,NONE,NONE,Mainland,6/6/2023 13:07
UCSC,Post Point,POP,48.7120018,-122.51913,3080,2022,Summer,SU22,166,6/13/2022,chthamalus_balanus,5,OTHGRE,0,Washington,WA Salish Sea,WA Salish Sea,NONE,NONE,Mainland,6/6/2023 13:07
UCSC,Post Point,POP,48.7120018,-122.51913,3080,2022,Summer,SU22,166,6/13/2022,chthamalus_balanus,5,OTHINV,0,Washington,WA Salish Sea,WA Salish Sea,NONE,NONE,Mainland,6/6/2023 13:07
UCSC,Post Point,POP,48.7120018,-122.51913,3080,2022,Summer,SU22,166,6/13/2022,chthamalus_balanus,5,OTHRED,0,Washington,WA Salish Sea,WA Salish Sea,NONE,NONE,Mainland,6/6/2023 13:07
UCSC,Post Point,POP,48.7120018,-122.51913,3080,2022,Summer,SU22,166,6/13/2022,chthamalus_balanus,5,OTHSUB,7,Washington,WA Salish Sea,WA Salish Sea,NONE,NONE,Mainland,6/6/2023 13:07
UCSC,Post Point,POP,48.7120018,-122.51913,3080,2022,Summer,SU22,166,6/13/2022,chthamalus_balanus,5,PELLIM,0,Washington,WA Salish Sea,WA Salish Sea,NONE,NONE,Mainland,6/6/2023 13:07
UCSC,Post Point,POP,48.7120018,-122.51913,3080,2022,Summer,SU22,166,6/13/2022,chthamalus_balanus,5,PHRSAB,0,Washington,WA Salish Sea,WA Salish Sea,NONE,NONE,Mainland,6/6/2023 13:07
UCSC,Post Point,POP,48.7120018,-122.51913,3080,2022,Summer,SU22,166,6/13/2022,chthamalus_balanus,5,PHYSPP,0,Washington,WA Salish Sea,WA Salish Sea,NONE,NONE,Mainland,6/6/2023 13:07
UCSC,Post Point,POP,48.7120018,-122.51913,3080,2022,Summer,SU22,166,6/13/2022,chthamalus_balanus,5,PISOCH,0,Washington,WA Salish Sea,WA Salish Sea,NONE,NONE,Mainland,6/6/2023 13:07
UCSC,Post Point,POP,48.7120018,-122.51913,3080,2022,Summer,SU22,166,6/13/2022,chthamalus_balanus,5,POLPOL,0,Washington,WA Salish Sea,WA Salish Sea,NONE,NONE,Mainland,6/6/2023 13:07
UCSC,Post Point,POP,48.7120018,-122.51913,3080,2022,Summer,SU22,166,6/13/2022,chthamalus_balanus,5,PORSPP,0,Washington,WA Salish Sea,WA Salish Sea,NONE,NONE,Mainland,6/6/2023 13:07
UCSC,Post Point,POP,48.7120018,-122.51913,3080,2022,Summer,SU22,166,6/13/2022,chthamalus_balanus,5,ROCK,44,Washington,WA Salish Sea,WA Salish Sea,NONE,NONE,Mainland,6/6/2023 13:07
UCSC,Post Point,POP,48.7120018,-122.51913,3080,2022,Summer,SU22,166,6/13/2022,chthamalus_balanus,5,SAND,0,Washington,WA Salish Sea,WA Salish Sea,NONE,NONE,Mainland,6/6/2023 13:07
UCSC,Post Point,POP,48.7120018,-122.51913,3080,2022,Summer,SU22,166,6/13/2022,chthamalus_balanus,5,SARMUT,0,Washington,WA Salish Sea,WA Salish Sea,NONE,NONE,Mainland,6/6/2023 13:07
UCSC,Post Point,POP,48.7120018,-122.51913,3080,2022,Summer,SU22,166,6/13/2022,chthamalus_balanus,5,SCYSPP,0,Washington,WA Salish Sea,WA Salish Sea,NONE,NONE,Mainland,6/6/2023 13:07
UCSC,Post Point,POP,48.7120018,-122.51913,3080,2022,Summer,SU22,166,6/13/2022,chthamalus_balanus,5,SEMCAR,0,Washington,WA Salish Sea,WA Salish Sea,NONE,NONE,Mainland,6/6/2023 13:07
UCSC,Post Point,POP,48.7120018,-122.51913,3080,2022,Summer,SU22,166,6/13/2022,chthamalus_balanus,5,SEPBRA,0,Washington,WA Salish Sea,WA Salish Sea,NONE,NONE,Mainland,6/6/2023 13:07
UCSC,Post Point,POP,48.7120018,-122.51913,3080,2022,Summer,SU22,166,6/13/2022,chthamalus_balanus,5,SILCOM,0,Washington,WA Salish Sea,WA Salish Sea,NONE,NONE,Mainland,6/6/2023 13:07
UCSC,Post Point,POP,48.7120018,-122.51913,3080,2022,Summer,SU22,166,6/13/2022,chthamalus_balanus,5,TAR,0,Washington,WA Salish Sea,WA Salish Sea,NONE,NONE,Mainland,6/6/2023 13:07
UCSC,Post Point,POP,48.7120018,-122.51913,3080,2022,Summer,SU22,166,6/13/2022,chthamalus_balanus,5,TETRUB,0,Washington,WA Salish Sea,WA Salish Sea,NONE,NONE,Mainland,6/6/2023 13:07
UCSC,Post Point,POP,48.7120018,-122.51913,3080,2022,Summer,SU22,166,6/13/2022,chthamalus_balanus,5,ULVENT,0,Washington,WA Salish Sea,WA Salish Sea,NONE,NONE,Mainland,6/6/2023 13:07
UCSC,Post Point,POP,48.7120018,-122.51913,3080,2022,Summer,SU22,166,6/13/2022,fucus,1,ANTELE,0,Washington,WA Salish Sea,WA Salish Sea,NONE,NONE,Mainland,6/6/2023 13:07
UCSC,Post Point,POP,48.7120018,-122.51913,3080,2022,Summer,SU22,166,6/13/2022,fucus,1,ARTCOR,0,Washington,WA Salish Sea,WA Salish Sea,NONE,NONE,Mainland,6/6/2023 13:07
UCSC,Post Point,POP,48.7120018,-122.51913,3080,2022,Summer,SU22,166,6/13/2022,fucus,1,CHITON,0,Washington,WA Salish Sea,WA Salish Sea,NONE,NONE,Mainland,6/6/2023 13:07
UCSC,Post Point,POP,48.7120018,-122.51913,3080,2022,Summer,SU22,166,6/13/2022,fucus,1,CHOCAN,0,Washington,WA Salish Sea,WA Salish Sea,NONE,NONE,Mainland,6/6/2023 13:07
UCSC,Post Point,POP,48.7120018,-122.51913,3080,2022,Summer,SU22,166,6/13/2022,fucus,1,CHTBAL,49,Washington,WA Salish Sea,WA Salish Sea,NONE,NONE,Mainland,6/6/2023 13:07
UCSC,Post Point,POP,48.7120018,-122.51913,3080,2022,Summer,SU22,166,6/13/2022,fucus,1,CLACOL,0,Washington,WA Salish Sea,WA Salish Sea,NONE,NONE,Mainland,6/6/2023 13:07
UCSC,Post Point,POP,48.7120018,-122.51913,3080,2022,Summer,SU22,166,6/13/2022,fucus,1,CRUCOR,0,Washington,WA Salish Sea,WA Salish Sea,NONE,NONE,Mainland,6/6/2023 13:07
UCSC,Post Point,POP,48.7120018,-122.51913,3080,2022,Summer,SU22,166,6/13/2022,fucus,1,EGRMEN,0,Washington,WA Salish Sea,WA Salish Sea,NONE,NONE,Mainland,6/6/2023 13:07
UCSC,Post Point,POP,48.7120018,-122.51913,3080,2022,Summer,SU22,166,6/13/2022,fucus,1,EISARB,0,Washington,WA Salish Sea,WA Salish Sea,NONE,NONE,Mainland,6/6/2023 13:07
UCSC,Post Point,POP,48.7120018,-122.51913,3080,2022,Summer,SU22,166,6/13/2022,fucus,1,ENDMUR,0,Washington,WA Salish Sea,WA Salish Sea,NONE,NONE,Mainland,6/6/2023 13:07
UCSC,Post Point,POP,48.7120018,-122.51913,3080,2022,Summer,SU22,166,6/13/2022,fucus,1,ENPEPH,0,Washington,WA Salish Sea,WA Salish Sea,NONE,NONE,Mainland,6/6/2023 13:07
UCSC,Post Point,POP,48.7120018,-122.51913,3080,2022,Summer,SU22,166,6/13/2022,fucus,1,FUCGAR,0,Washington,WA Salish Sea,WA Salish Sea,NONE,NONE,Mainland,6/6/2023 13:07
UCSC,Post Point,POP,48.7120018,-122.51913,3080,2022,Summer,SU22,166,6/13/2022,fucus,1,HALSTE,0,Washington,WA Salish Sea,WA Salish Sea,NONE,NONE,Mainland,6/6/2023 13:07
UCSC,Post Point,POP,48.7120018,-122.51913,3080,2022,Summer,SU22,166,6/13/2022,fucus,1,HESCAL,0,Washington,WA Salish Sea,WA Salish Sea,NONE,NONE,Mainland,6/6/2023 13:07
UCSC,Post Point,POP,48.7120018,-122.51913,3080,2022,Summer,SU22,166,6/13/2022,fucus,1,LIMPET,3,Washington,WA Salish Sea,WA Salish Sea,NONE,NONE,Mainland,6/6/2023 13:07
UCSC,Post Point,POP,48.7120018,-122.51913,3080,2022,Summer,SU22,166,6/13/2022,fucus,1,LOTGIG,0,Washington,WA Salish Sea,WA Salish Sea,NONE,NONE,Mainland,6/6/2023 13:07
UCSC,Post Point,POP,48.7120018,-122.51913,3080,2022,Summer,SU22,166,6/13/2022,fucus,1,MASSPP,0,Washington,WA Salish Sea,WA Salish Sea,NONE,NONE,Mainland,6/6/2023 13:07
UCSC,Post Point,POP,48.7120018,-122.51913,3080,2022,Summer,SU22,166,6/13/2022,fucus,1,MAZAFF,0,Washington,WA Salish Sea,WA Salish Sea,NONE,NONE,Mainland,6/6/2023 13:07
UCSC,Post Point,POP,48.7120018,-122.51913,3080,2022,Summer,SU22,166,6/13/2022,fucus,1,MAZSPP,0,Washington,WA Salish Sea,WA Salish Sea,NONE,NONE,Mainland,6/6/2023 13:07
UCSC,Post Point,POP,48.7120018,-122.51913,3080,2022,Summer,SU22,166,6/13/2022,fucus,1,MYTCAL,0,Washington,WA Salish Sea,WA Salish Sea,NONE,NONE,Mainland,6/6/2023 13:07
UCSC,Post Point,POP,48.7120018,-122.51913,3080,2022,Summer,SU22,166,6/13/2022,fucus,1,MYTTRO,0,Washington,WA Salish Sea,WA Salish Sea,NONE,NONE,Mainland,6/6/2023 13:07
UCSC,Post Point,POP,48.7120018,-122.51913,3080,2022,Summer,SU22,166,6/13/2022,fucus,1,NEOLAR,0,Washington,WA Salish Sea,WA Salish Sea,NONE,NONE,Mainland,6/6/2023 13:07
UCSC,Post Point,POP,48.7120018,-122.51913,3080,2022,Summer,SU22,166,6/13/2022,fucus,1,NONCRU,1,Washington,WA Salish Sea,WA Salish Sea,NONE,NONE,Mainland,6/6/2023 13:07
UCSC,Post Point,POP,48.7120018,-122.51913,3080,2022,Summer,SU22,166,6/13/2022,fucus,1,OTHALG,0,Washington,WA Salish Sea,WA Salish Sea,NONE,NONE,Mainland,6/6/2023 13:07
UCSC,Post Point,POP,48.7120018,-122.51913,3080,2022,Summer,SU22,166,6/13/2022,fucus,1,OTHBAR,0,Washington,WA Salish Sea,WA Salish Sea,NONE,NONE,Mainland,6/6/2023 13:07
UCSC,Post Point,POP,48.7120018,-122.51913,3080,2022,Summer,SU22,166,6/13/2022,fucus,1,OTHBRO,0,Washington,WA Salish Sea,WA Salish Sea,NONE,NONE,Mainland,6/6/2023 13:07
UCSC,Post Point,POP,48.7120018,-122.51913,3080,2022,Summer,SU22,166,6/13/2022,fucus,1,OTHGRE,0,Washington,WA Salish Sea,WA Salish Sea,NONE,NONE,Mainland,6/6/2023 13:07
UCSC,Post Point,POP,48.7120018,-122.51913,3080,2022,Summer,SU22,166,6/13/2022,fucus,1,OTHINV,0,Washington,WA Salish Sea,WA Salish Sea,NONE,NONE,Mainland,6/6/2023 13:07
UCSC,Post Point,POP,48.7120018,-122.51913,3080,2022,Summer,SU22,166,6/13/2022,fucus,1,OTHRED,0,Washington,WA Salish Sea,WA Salish Sea,NONE,NONE,Mainland,6/6/2023 13:07
UCSC,Post Point,POP,48.7120018,-122.51913,3080,2022,Summer,SU22,166,6/13/2022,fucus,1,OTHSUB,2,Washington,WA Salish Sea,WA Salish Sea,NONE,NONE,Mainland,6/6/2023 13:07
UCSC,Post Point,POP,48.7120018,-122.51913,3080,2022,Summer,SU22,166,6/13/2022,fucus,1,PELLIM,0,Washington,WA Salish Sea,WA Salish Sea,NONE,NONE,Mainland,6/6/2023 13:07
UCSC,Post Point,POP,48.7120018,-122.51913,3080,2022,Summer,SU22,166,6/13/2022,fucus,1,PHRSAB,0,Washington,WA Salish Sea,WA Salish Sea,NONE,NONE,Mainland,6/6/2023 13:07
UCSC,Post Point,POP,48.7120018,-122.51913,3080,2022,Summer,SU22,166,6/13/2022,fucus,1,PHYSPP,0,Washington,WA Salish Sea,WA Salish Sea,NONE,NONE,Mainland,6/6/2023 13:07
UCSC,Post Point,POP,48.7120018,-122.51913,3080,2022,Summer,SU22,166,6/13/2022,fucus,1,PISOCH,0,Washington,WA Salish Sea,WA Salish Sea,NONE,NONE,Mainland,6/6/2023 13:07
UCSC,Post Point,POP,48.7120018,-122.51913,3080,2022,Summer,SU22,166,6/13/2022,fucus,1,POLPOL,0,Washington,WA Salish Sea,WA Salish Sea,NONE,NONE,Mainland,6/6/2023 13:07
UCSC,Post Point,POP,48.7120018,-122.51913,3080,2022,Summer,SU22,166,6/13/2022,fucus,1,PORSPP,0,Washington,WA Salish Sea,WA Salish Sea,NONE,NONE,Mainland,6/6/2023 13:07
UCSC,Post Point,POP,48.7120018,-122.51913,3080,2022,Summer,SU22,166,6/13/2022,fucus,1,ROCK,43,Washington,WA Salish Sea,WA Salish Sea,NONE,NONE,Mainland,6/6/2023 13:07
UCSC,Post Point,POP,48.7120018,-122.51913,3080,2022,Summer,SU22,166,6/13/2022,fucus,1,SAND,0,Washington,WA Salish Sea,WA Salish Sea,NONE,NONE,Mainland,6/6/2023 13:07
UCSC,Post Point,POP,48.7120018,-122.51913,3080,2022,Summer,SU22,166,6/13/2022,fucus,1,SARMUT,0,Washington,WA Salish Sea,WA Salish Sea,NONE,NONE,Mainland,6/6/2023 13:07
UCSC,Post Point,POP,48.7120018,-122.51913,3080,2022,Summer,SU22,166,6/13/2022,fucus,1,SCYSPP,0,Washington,WA Salish Sea,WA Salish Sea,NONE,NONE,Mainland,6/6/2023 13:07
UCSC,Post Point,POP,48.7120018,-122.51913,3080,2022,Summer,SU22,166,6/13/2022,fucus,1,SEMCAR,0,Washington,WA Salish Sea,WA Salish Sea,NONE,NONE,Mainland,6/6/2023 13:07
UCSC,Post Point,POP,48.7120018,-122.51913,3080,2022,Summer,SU22,166,6/13/2022,fucus,1,SEPBRA,0,Washington,WA Salish Sea,WA Salish Sea,NONE,NONE,Mainland,6/6/2023 13:07
UCSC,Post Point,POP,48.7120018,-122.51913,3080,2022,Summer,SU22,166,6/13/2022,fucus,1,SILCOM,0,Washington,WA Salish Sea,WA Salish Sea,NONE,NONE,Mainland,6/6/2023 13:07
UCSC,Post Point,POP,48.7120018,-122.51913,3080,2022,Summer,SU22,166,6/13/2022,fucus,1,TAR,0,Washington,WA Salish Sea,WA Salish Sea,NONE,NONE,Mainland,6/6/2023 13:07
UCSC,Post Point,POP,48.7120018,-122.51913,3080,2022,Summer,SU22,166,6/13/2022,fucus,1,TETRUB,0,Washington,WA Salish Sea,WA Salish Sea,NONE,NONE,Mainland,6/6/2023 13:07
UCSC,Post Point,POP,48.7120018,-122.51913,3080,2022,Summer,SU22,166,6/13/2022,fucus,1,ULVENT,2,Washington,WA Salish Sea,WA Salish Sea,NONE,NONE,Mainland,6/6/2023 13:07
UCSC,Post Point,POP,48.7120018,-122.51913,3080,2022,Summer,SU22,166,6/13/2022,fucus,2,ANTELE,0,Washington,WA Salish Sea,WA Salish Sea,NONE,NONE,Mainland,6/6/2023 13:07
UCSC,Post Point,POP,48.7120018,-122.51913,3080,2022,Summer,SU22,166,6/13/2022,fucus,2,ARTCOR,0,Washington,WA Salish Sea,WA Salish Sea,NONE,NONE,Mainland,6/6/2023 13:07
UCSC,Post Point,POP,48.7120018,-122.51913,3080,2022,Summer,SU22,166,6/13/2022,fucus,2,CHITON,0,Washington,WA Salish Sea,WA Salish Sea,NONE,NONE,Mainland,6/6/2023 13:07
UCSC,Post Point,POP,48.7120018,-122.51913,3080,2022,Summer,SU22,166,6/13/2022,fucus,2,CHOCAN,0,Washington,WA Salish Sea,WA Salish Sea,NONE,NONE,Mainland,6/6/2023 13:07
UCSC,Post Point,POP,48.7120018,-122.51913,3080,2022,Summer,SU22,166,6/13/2022,fucus,2,CHTBAL,29,Washington,WA Salish Sea,WA Salish Sea,NONE,NONE,Mainland,6/6/2023 13:07
UCSC,Post Point,POP,48.7120018,-122.51913,3080,2022,Summer,SU22,166,6/13/2022,fucus,2,CLACOL,0,Washington,WA Salish Sea,WA Salish Sea,NONE,NONE,Mainland,6/6/2023 13:07
UCSC,Post Point,POP,48.7120018,-122.51913,3080,2022,Summer,SU22,166,6/13/2022,fucus,2,CRUCOR,0,Washington,WA Salish Sea,WA Salish Sea,NONE,NONE,Mainland,6/6/2023 13:07
UCSC,Post Point,POP,48.7120018,-122.51913,3080,2022,Summer,SU22,166,6/13/2022,fucus,2,EGRMEN,0,Washington,WA Salish Sea,WA Salish Sea,NONE,NONE,Mainland,6/6/2023 13:07
UCSC,Post Point,POP,48.7120018,-122.51913,3080,2022,Summer,SU22,166,6/13/2022,fucus,2,EISARB,0,Washington,WA Salish Sea,WA Salish Sea,NONE,NONE,Mainland,6/6/2023 13:07
UCSC,Post Point,POP,48.7120018,-122.51913,3080,2022,Summer,SU22,166,6/13/2022,fucus,2,ENDMUR,0,Washington,WA Salish Sea,WA Salish Sea,NONE,NONE,Mainland,6/6/2023 13:07
UCSC,Post Point,POP,48.7120018,-122.51913,3080,2022,Summer,SU22,166,6/13/2022,fucus,2,ENPEPH,0,Washington,WA Salish Sea,WA Salish Sea,NONE,NONE,Mainland,6/6/2023 13:07
UCSC,Post Point,POP,48.7120018,-122.51913,3080,2022,Summer,SU22,166,6/13/2022,fucus,2,FUCGAR,21,Washington,WA Salish Sea,WA Salish Sea,NONE,NONE,Mainland,6/6/2023 13:07
UCSC,Post Point,POP,48.7120018,-122.51913,3080,2022,Summer,SU22,166,6/13/2022,fucus,2,HALSTE,0,Washington,WA Salish Sea,WA Salish Sea,NONE,NONE,Mainland,6/6/2023 13:07
UCSC,Post Point,POP,48.7120018,-122.51913,3080,2022,Summer,SU22,166,6/13/2022,fucus,2,HESCAL,0,Washington,WA Salish Sea,WA Salish Sea,NONE,NONE,Mainland,6/6/2023 13:07
UCSC,Post Point,POP,48.7120018,-122.51913,3080,2022,Summer,SU22,166,6/13/2022,fucus,2,LIMPET,1,Washington,WA Salish Sea,WA Salish Sea,NONE,NONE,Mainland,6/6/2023 13:07
UCSC,Post Point,POP,48.7120018,-122.51913,3080,2022,Summer,SU22,166,6/13/2022,fucus,2,LOTGIG,0,Washington,WA Salish Sea,WA Salish Sea,NONE,NONE,Mainland,6/6/2023 13:07
UCSC,Post Point,POP,48.7120018,-122.51913,3080,2022,Summer,SU22,166,6/13/2022,fucus,2,MASSPP,0,Washington,WA Salish Sea,WA Salish Sea,NONE,NONE,Mainland,6/6/2023 13:07
UCSC,Post Point,POP,48.7120018,-122.51913,3080,2022,Summer,SU22,166,6/13/2022,fucus,2,MAZAFF,0,Washington,WA Salish Sea,WA Salish Sea,NONE,NONE,Mainland,6/6/2023 13:07
UCSC,Post Point,POP,48.7120018,-122.51913,3080,2022,Summer,SU22,166,6/13/2022,fucus,2,MAZSPP,0,Washington,WA Salish Sea,WA Salish Sea,NONE,NONE,Mainland,6/6/2023 13:07
UCSC,Post Point,POP,48.7120018,-122.51913,3080,2022,Summer,SU22,166,6/13/2022,fucus,2,MYTCAL,0,Washington,WA Salish Sea,WA Salish Sea,NONE,NONE,Mainland,6/6/2023 13:07
UCSC,Post Point,POP,48.7120018,-122.51913,3080,2022,Summer,SU22,166,6/13/2022,fucus,2,MYTTRO,0,Washington,WA Salish Sea,WA Salish Sea,NONE,NONE,Mainland,6/6/2023 13:07
UCSC,Post Point,POP,48.7120018,-122.51913,3080,2022,Summer,SU22,166,6/13/2022,fucus,2,NEOLAR,0,Washington,WA Salish Sea,WA Salish Sea,NONE,NONE,Mainland,6/6/2023 13:07
UCSC,Post Point,POP,48.7120018,-122.51913,3080,2022,Summer,SU22,166,6/13/2022,fucus,2,NONCRU,0,Washington,WA Salish Sea,WA Salish Sea,NONE,NONE,Mainland,6/6/2023 13:07
UCSC,Post Point,POP,48.7120018,-122.51913,3080,2022,Summer,SU22,166,6/13/2022,fucus,2,OTHALG,0,Washington,WA Salish Sea,WA Salish Sea,NONE,NONE,Mainland,6/6/2023 13:07
UCSC,Post Point,POP,48.7120018,-122.51913,3080,2022,Summer,SU22,166,6/13/2022,fucus,2,OTHBAR,0,Washington,WA Salish Sea,WA Salish Sea,NONE,NONE,Mainland,6/6/2023 13:07
UCSC,Post Point,POP,48.7120018,-122.51913,3080,2022,Summer,SU22,166,6/13/2022,fucus,2,OTHBRO,0,Washington,WA Salish Sea,WA Salish Sea,NONE,NONE,Mainland,6/6/2023 13:07
UCSC,Post Point,POP,48.7120018,-122.51913,3080,2022,Summer,SU22,166,6/13/2022,fucus,2,OTHGRE,0,Washington,WA Salish Sea,WA Salish Sea,NONE,NONE,Mainland,6/6/2023 13:07
UCSC,Post Point,POP,48.7120018,-122.51913,3080,2022,Summer,SU22,166,6/13/2022,fucus,2,OTHINV,0,Washington,WA Salish Sea,WA Salish Sea,NONE,NONE,Mainland,6/6/2023 13:07
UCSC,Post Point,POP,48.7120018,-122.51913,3080,2022,Summer,SU22,166,6/13/2022,fucus,2,OTHRED,0,Washington,WA Salish Sea,WA Salish Sea,NONE,NONE,Mainland,6/6/2023 13:07
UCSC,Post Point,POP,48.7120018,-122.51913,3080,2022,Summer,SU22,166,6/13/2022,fucus,2,OTHSUB,2,Washington,WA Salish Sea,WA Salish Sea,NONE,NONE,Mainland,6/6/2023 13:07
UCSC,Post Point,POP,48.7120018,-122.51913,3080,2022,Summer,SU22,166,6/13/2022,fucus,2,PELLIM,0,Washington,WA Salish Sea,WA Salish Sea,NONE,NONE,Mainland,6/6/2023 13:07
UCSC,Post Point,POP,48.7120018,-122.51913,3080,2022,Summer,SU22,166,6/13/2022,fucus,2,PHRSAB,0,Washington,WA Salish Sea,WA Salish Sea,NONE,NONE,Mainland,6/6/2023 13:07
UCSC,Post Point,POP,48.7120018,-122.51913,3080,2022,Summer,SU22,166,6/13/2022,fucus,2,PHYSPP,0,Washington,WA Salish Sea,WA Salish Sea,NONE,NONE,Mainland,6/6/2023 13:07
UCSC,Post Point,POP,48.7120018,-122.51913,3080,2022,Summer,SU22,166,6/13/2022,fucus,2,PISOCH,0,Washington,WA Salish Sea,WA Salish Sea,NONE,NONE,Mainland,6/6/2023 13:07
UCSC,Post Point,POP,48.7120018,-122.51913,3080,2022,Summer,SU22,166,6/13/2022,fucus,2,POLPOL,0,Washington,WA Salish Sea,WA Salish Sea,NONE,NONE,Mainland,6/6/2023 13:07
UCSC,Post Point,POP,48.7120018,-122.51913,3080,2022,Summer,SU22,166,6/13/2022,fucus,2,PORSPP,0,Washington,WA Salish Sea,WA Salish Sea,NONE,NONE,Mainland,6/6/2023 13:07
UCSC,Post Point,POP,48.7120018,-122.51913,3080,2022,Summer,SU22,166,6/13/2022,fucus,2,ROCK,38,Washington,WA Salish Sea,WA Salish Sea,NONE,NONE,Mainland,6/6/2023 13:07
UCSC,Post Point,POP,48.7120018,-122.51913,3080,2022,Summer,SU22,166,6/13/2022,fucus,2,SAND,0,Washington,WA Salish Sea,WA Salish Sea,NONE,NONE,Mainland,6/6/2023 13:07
UCSC,Post Point,POP,48.7120018,-122.51913,3080,2022,Summer,SU22,166,6/13/2022,fucus,2,SARMUT,0,Washington,WA Salish Sea,WA Salish Sea,NONE,NONE,Mainland,6/6/2023 13:07
UCSC,Post Point,POP,48.7120018,-122.51913,3080,2022,Summer,SU22,166,6/13/2022,fucus,2,SCYSPP,0,Washington,WA Salish Sea,WA Salish Sea,NONE,NONE,Mainland,6/6/2023 13:07
UCSC,Post Point,POP,48.7120018,-122.51913,3080,2022,Summer,SU22,166,6/13/2022,fucus,2,SEMCAR,0,Washington,WA Salish Sea,WA Salish Sea,NONE,NONE,Mainland,6/6/2023 13:07
UCSC,Post Point,POP,48.7120018,-122.51913,3080,2022,Summer,SU22,166,6/13/2022,fucus,2,SEPBRA,0,Washington,WA Salish Sea,WA Salish Sea,NONE,NONE,Mainland,6/6/2023 13:07
UCSC,Post Point,POP,48.7120018,-122.51913,3080,2022,Summer,SU22,166,6/13/2022,fucus,2,SILCOM,0,Washington,WA Salish Sea,WA Salish Sea,NONE,NONE,Mainland,6/6/2023 13:07
UCSC,Post Point,POP,48.7120018,-122.51913,3080,2022,Summer,SU22,166,6/13/2022,fucus,2,TAR,0,Washington,WA Salish Sea,WA Salish Sea,NONE,NONE,Mainland,6/6/2023 13:07
UCSC,Post Point,POP,48.7120018,-122.51913,3080,2022,Summer,SU22,166,6/13/2022,fucus,2,TETRUB,0,Washington,WA Salish Sea,WA Salish Sea,NONE,NONE,Mainland,6/6/2023 13:07
UCSC,Post Point,POP,48.7120018,-122.51913,3080,2022,Summer,SU22,166,6/13/2022,fucus,2,ULVENT,9,Washington,WA Salish Sea,WA Salish Sea,NONE,NONE,Mainland,6/6/2023 13:07
UCSC,Post Point,POP,48.7120018,-122.51913,3080,2022,Summer,SU22,166,6/13/2022,fucus,3,ANTELE,0,Washington,WA Salish Sea,WA Salish Sea,NONE,NONE,Mainland,6/6/2023 13:07
UCSC,Post Point,POP,48.7120018,-122.51913,3080,2022,Summer,SU22,166,6/13/2022,fucus,3,ARTCOR,0,Washington,WA Salish Sea,WA Salish Sea,NONE,NONE,Mainland,6/6/2023 13:07
UCSC,Post Point,POP,48.7120018,-122.51913,3080,2022,Summer,SU22,166,6/13/2022,fucus,3,CHITON,0,Washington,WA Salish Sea,WA Salish Sea,NONE,NONE,Mainland,6/6/2023 13:07
UCSC,Post Point,POP,48.7120018,-122.51913,3080,2022,Summer,SU22,166,6/13/2022,fucus,3,CHOCAN,0,Washington,WA Salish Sea,WA Salish Sea,NONE,NONE,Mainland,6/6/2023 13:07
UCSC,Post Point,POP,48.7120018,-122.51913,3080,2022,Summer,SU22,166,6/13/2022,fucus,3,CHTBAL,39,Washington,WA Salish Sea,WA Salish Sea,NONE,NONE,Mainland,6/6/2023 13:07
UCSC,Post Point,POP,48.7120018,-122.51913,3080,2022,Summer,SU22,166,6/13/2022,fucus,3,CLACOL,0,Washington,WA Salish Sea,WA Salish Sea,NONE,NONE,Mainland,6/6/2023 13:07
UCSC,Post Point,POP,48.7120018,-122.51913,3080,2022,Summer,SU22,166,6/13/2022,fucus,3,CRUCOR,0,Washington,WA Salish Sea,WA Salish Sea,NONE,NONE,Mainland,6/6/2023 13:07
UCSC,Post Point,POP,48.7120018,-122.51913,3080,2022,Summer,SU22,166,6/13/2022,fucus,3,EGRMEN,0,Washington,WA Salish Sea,WA Salish Sea,NONE,NONE,Mainland,6/6/2023 13:07
UCSC,Post Point,POP,48.7120018,-122.51913,3080,2022,Summer,SU22,166,6/13/2022,fucus,3,EISARB,0,Washington,WA Salish Sea,WA Salish Sea,NONE,NONE,Mainland,6/6/2023 13:07
UCSC,Post Point,POP,48.7120018,-122.51913,3080,2022,Summer,SU22,166,6/13/2022,fucus,3,ENDMUR,0,Washington,WA Salish Sea,WA Salish Sea,NONE,NONE,Mainland,6/6/2023 13:07
UCSC,Post Point,POP,48.7120018,-122.51913,3080,2022,Summer,SU22,166,6/13/2022,fucus,3,ENPEPH,0,Washington,WA Salish Sea,WA Salish Sea,NONE,NONE,Mainland,6/6/2023 13:07
UCSC,Post Point,POP,48.7120018,-122.51913,3080,2022,Summer,SU22,166,6/13/2022,fucus,3,FUCGAR,17,Washington,WA Salish Sea,WA Salish Sea,NONE,NONE,Mainland,6/6/2023 13:07
UCSC,Post Point,POP,48.7120018,-122.51913,3080,2022,Summer,SU22,166,6/13/2022,fucus,3,HALSTE,0,Washington,WA Salish Sea,WA Salish Sea,NONE,NONE,Mainland,6/6/2023 13:07
UCSC,Post Point,POP,48.7120018,-122.51913,3080,2022,Summer,SU22,166,6/13/2022,fucus,3,HESCAL,0,Washington,WA Salish Sea,WA Salish Sea,NONE,NONE,Mainland,6/6/2023 13:07
UCSC,Post Point,POP,48.7120018,-122.51913,3080,2022,Summer,SU22,166,6/13/2022,fucus,3,LIMPET,3,Washington,WA Salish Sea,WA Salish Sea,NONE,NONE,Mainland,6/6/2023 13:07
UCSC,Post Point,POP,48.7120018,-122.51913,3080,2022,Summer,SU22,166,6/13/2022,fucus,3,LOTGIG,0,Washington,WA Salish Sea,WA Salish Sea,NONE,NONE,Mainland,6/6/2023 13:07
UCSC,Post Point,POP,48.7120018,-122.51913,3080,2022,Summer,SU22,166,6/13/2022,fucus,3,MASSPP,2,Washington,WA Salish Sea,WA Salish Sea,NONE,NONE,Mainland,6/6/2023 13:07
UCSC,Post Point,POP,48.7120018,-122.51913,3080,2022,Summer,SU22,166,6/13/2022,fucus,3,MAZAFF,0,Washington,WA Salish Sea,WA Salish Sea,NONE,NONE,Mainland,6/6/2023 13:07
UCSC,Post Point,POP,48.7120018,-122.51913,3080,2022,Summer,SU22,166,6/13/2022,fucus,3,MAZSPP,0,Washington,WA Salish Sea,WA Salish Sea,NONE,NONE,Mainland,6/6/2023 13:07
UCSC,Post Point,POP,48.7120018,-122.51913,3080,2022,Summer,SU22,166,6/13/2022,fucus,3,MYTCAL,0,Washington,WA Salish Sea,WA Salish Sea,NONE,NONE,Mainland,6/6/2023 13:07
UCSC,Post Point,POP,48.7120018,-122.51913,3080,2022,Summer,SU22,166,6/13/2022,fucus,3,MYTTRO,0,Washington,WA Salish Sea,WA Salish Sea,NONE,NONE,Mainland,6/6/2023 13:07
UCSC,Post Point,POP,48.7120018,-122.51913,3080,2022,Summer,SU22,166,6/13/2022,fucus,3,NEOLAR,0,Washington,WA Salish Sea,WA Salish Sea,NONE,NONE,Mainland,6/6/2023 13:07
UCSC,Post Point,POP,48.7120018,-122.51913,3080,2022,Summer,SU22,166,6/13/2022,fucus,3,NONCRU,2,Washington,WA Salish Sea,WA Salish Sea,NONE,NONE,Mainland,6/6/2023 13:07
UCSC,Post Point,POP,48.7120018,-122.51913,3080,2022,Summer,SU22,166,6/13/2022,fucus,3,OTHALG,0,Washington,WA Salish Sea,WA Salish Sea,NONE,NONE,Mainland,6/6/2023 13:07
UCSC,Post Point,POP,48.7120018,-122.51913,3080,2022,Summer,SU22,166,6/13/2022,fucus,3,OTHBAR,0,Washington,WA Salish Sea,WA Salish Sea,NONE,NONE,Mainland,6/6/2023 13:07
UCSC,Post Point,POP,48.7120018,-122.51913,3080,2022,Summer,SU22,166,6/13/2022,fucus,3,OTHBRO,0,Washington,WA Salish Sea,WA Salish Sea,NONE,NONE,Mainland,6/6/2023 13:07
UCSC,Post Point,POP,48.7120018,-122.51913,3080,2022,Summer,SU22,166,6/13/2022,fucus,3,OTHGRE,0,Washington,WA Salish Sea,WA Salish Sea,NONE,NONE,Mainland,6/6/2023 13:07
UCSC,Post Point,POP,48.7120018,-122.51913,3080,2022,Summer,SU22,166,6/13/2022,fucus,3,OTHINV,0,Washington,WA Salish Sea,WA Salish Sea,NONE,NONE,Mainland,6/6/2023 13:07
UCSC,Post Point,POP,48.7120018,-122.51913,3080,2022,Summer,SU22,166,6/13/2022,fucus,3,OTHRED,1,Washington,WA Salish Sea,WA Salish Sea,NONE,NONE,Mainland,6/6/2023 13:07
UCSC,Post Point,POP,48.7120018,-122.51913,3080,2022,Summer,SU22,166,6/13/2022,fucus,3,OTHSUB,0,Washington,WA Salish Sea,WA Salish Sea,NONE,NONE,Mainland,6/6/2023 13:07
UCSC,Post Point,POP,48.7120018,-122.51913,3080,2022,Summer,SU22,166,6/13/2022,fucus,3,PELLIM,0,Washington,WA Salish Sea,WA Salish Sea,NONE,NONE,Mainland,6/6/2023 13:07
UCSC,Post Point,POP,48.7120018,-122.51913,3080,2022,Summer,SU22,166,6/13/2022,fucus,3,PHRSAB,0,Washington,WA Salish Sea,WA Salish Sea,NONE,NONE,Mainland,6/6/2023 13:07
UCSC,Post Point,POP,48.7120018,-122.51913,3080,2022,Summer,SU22,166,6/13/2022,fucus,3,PHYSPP,0,Washington,WA Salish Sea,WA Salish Sea,NONE,NONE,Mainland,6/6/2023 13:07
UCSC,Post Point,POP,48.7120018,-122.51913,3080,2022,Summer,SU22,166,6/13/2022,fucus,3,PISOCH,0,Washington,WA Salish Sea,WA Salish Sea,NONE,NONE,Mainland,6/6/2023 13:07
UCSC,Post Point,POP,48.7120018,-122.51913,3080,2022,Summer,SU22,166,6/13/2022,fucus,3,POLPOL,0,Washington,WA Salish Sea,WA Salish Sea,NONE,NONE,Mainland,6/6/2023 13:07
UCSC,Post Point,POP,48.7120018,-122.51913,3080,2022,Summer,SU22,166,6/13/2022,fucus,3,PORSPP,0,Washington,WA Salish Sea,WA Salish Sea,NONE,NONE,Mainland,6/6/2023 13:07
UCSC,Post Point,POP,48.7120018,-122.51913,3080,2022,Summer,SU22,166,6/13/2022,fucus,3,ROCK,24,Washington,WA Salish Sea,WA Salish Sea,NONE,NONE,Mainland,6/6/2023 13:07
UCSC,Post Point,POP,48.7120018,-122.51913,3080,2022,Summer,SU22,166,6/13/2022,fucus,3,SAND,0,Washington,WA Salish Sea,WA Salish Sea,NONE,NONE,Mainland,6/6/2023 13:07
UCSC,Post Point,POP,48.7120018,-122.51913,3080,2022,Summer,SU22,166,6/13/2022,fucus,3,SARMUT,0,Washington,WA Salish Sea,WA Salish Sea,NONE,NONE,Mainland,6/6/2023 13:07
UCSC,Post Point,POP,48.7120018,-122.51913,3080,2022,Summer,SU22,166,6/13/2022,fucus,3,SCYSPP,0,Washington,WA Salish Sea,WA Salish Sea,NONE,NONE,Mainland,6/6/2023 13:07
UCSC,Post Point,POP,48.7120018,-122.51913,3080,2022,Summer,SU22,166,6/13/2022,fucus,3,SEMCAR,0,Washington,WA Salish Sea,WA Salish Sea,NONE,NONE,Mainland,6/6/2023 13:07
UCSC,Post Point,POP,48.7120018,-122.51913,3080,2022,Summer,SU22,166,6/13/2022,fucus,3,SEPBRA,0,Washington,WA Salish Sea,WA Salish Sea,NONE,NONE,Mainland,6/6/2023 13:07
UCSC,Post Point,POP,48.7120018,-122.51913,3080,2022,Summer,SU22,166,6/13/2022,fucus,3,SILCOM,0,Washington,WA Salish Sea,WA Salish Sea,NONE,NONE,Mainland,6/6/2023 13:07
UCSC,Post Point,POP,48.7120018,-122.51913,3080,2022,Summer,SU22,166,6/13/2022,fucus,3,TAR,0,Washington,WA Salish Sea,WA Salish Sea,NONE,NONE,Mainland,6/6/2023 13:07
UCSC,Post Point,POP,48.7120018,-122.51913,3080,2022,Summer,SU22,166,6/13/2022,fucus,3,TETRUB,0,Washington,WA Salish Sea,WA Salish Sea,NONE,NONE,Mainland,6/6/2023 13:07
UCSC,Post Point,POP,48.7120018,-122.51913,3080,2022,Summer,SU22,166,6/13/2022,fucus,3,ULVENT,12,Washington,WA Salish Sea,WA Salish Sea,NONE,NONE,Mainland,6/6/2023 13:07
UCSC,Post Point,POP,48.7120018,-122.51913,3080,2022,Summer,SU22,166,6/13/2022,fucus,4,ANTELE,0,Washington,WA Salish Sea,WA Salish Sea,NONE,NONE,Mainland,6/6/2023 13:07
UCSC,Post Point,POP,48.7120018,-122.51913,3080,2022,Summer,SU22,166,6/13/2022,fucus,4,ARTCOR,0,Washington,WA Salish Sea,WA Salish Sea,NONE,NONE,Mainland,6/6/2023 13:07
UCSC,Post Point,POP,48.7120018,-122.51913,3080,2022,Summer,SU22,166,6/13/2022,fucus,4,CHITON,0,Washington,WA Salish Sea,WA Salish Sea,NONE,NONE,Mainland,6/6/2023 13:07
UCSC,Post Point,POP,48.7120018,-122.51913,3080,2022,Summer,SU22,166,6/13/2022,fucus,4,CHOCAN,0,Washington,WA Salish Sea,WA Salish Sea,NONE,NONE,Mainland,6/6/2023 13:07
UCSC,Post Point,POP,48.7120018,-122.51913,3080,2022,Summer,SU22,166,6/13/2022,fucus,4,CHTBAL,8,Washington,WA Salish Sea,WA Salish Sea,NONE,NONE,Mainland,6/6/2023 13:07
UCSC,Post Point,POP,48.7120018,-122.51913,3080,2022,Summer,SU22,166,6/13/2022,fucus,4,CLACOL,0,Washington,WA Salish Sea,WA Salish Sea,NONE,NONE,Mainland,6/6/2023 13:07
UCSC,Post Point,POP,48.7120018,-122.51913,3080,2022,Summer,SU22,166,6/13/2022,fucus,4,CRUCOR,0,Washington,WA Salish Sea,WA Salish Sea,NONE,NONE,Mainland,6/6/2023 13:07
UCSC,Post Point,POP,48.7120018,-122.51913,3080,2022,Summer,SU22,166,6/13/2022,fucus,4,EGRMEN,0,Washington,WA Salish Sea,WA Salish Sea,NONE,NONE,Mainland,6/6/2023 13:07
UCSC,Post Point,POP,48.7120018,-122.51913,3080,2022,Summer,SU22,166,6/13/2022,fucus,4,EISARB,0,Washington,WA Salish Sea,WA Salish Sea,NONE,NONE,Mainland,6/6/2023 13:07
UCSC,Post Point,POP,48.7120018,-122.51913,3080,2022,Summer,SU22,166,6/13/2022,fucus,4,ENDMUR,0,Washington,WA Salish Sea,WA Salish Sea,NONE,NONE,Mainland,6/6/2023 13:07
UCSC,Post Point,POP,48.7120018,-122.51913,3080,2022,Summer,SU22,166,6/13/2022,fucus,4,ENPEPH,0,Washington,WA Salish Sea,WA Salish Sea,NONE,NONE,Mainland,6/6/2023 13:07
UCSC,Post Point,POP,48.7120018,-122.51913,3080,2022,Summer,SU22,166,6/13/2022,fucus,4,FUCGAR,72,Washington,WA Salish Sea,WA Salish Sea,NONE,NONE,Mainland,6/6/2023 13:07
UCSC,Post Point,POP,48.7120018,-122.51913,3080,2022,Summer,SU22,166,6/13/2022,fucus,4,HALSTE,0,Washington,WA Salish Sea,WA Salish Sea,NONE,NONE,Mainland,6/6/2023 13:07
UCSC,Post Point,POP,48.7120018,-122.51913,3080,2022,Summer,SU22,166,6/13/2022,fucus,4,HESCAL,0,Washington,WA Salish Sea,WA Salish Sea,NONE,NONE,Mainland,6/6/2023 13:07
UCSC,Post Point,POP,48.7120018,-122.51913,3080,2022,Summer,SU22,166,6/13/2022,fucus,4,LIMPET,1,Washington,WA Salish Sea,WA Salish Sea,NONE,NONE,Mainland,6/6/2023 13:07
UCSC,Post Point,POP,48.7120018,-122.51913,3080,2022,Summer,SU22,166,6/13/2022,fucus,4,LOTGIG,0,Washington,WA Salish Sea,WA Salish Sea,NONE,NONE,Mainland,6/6/2023 13:07
UCSC,Post Point,POP,48.7120018,-122.51913,3080,2022,Summer,SU22,166,6/13/2022,fucus,4,MASSPP,2,Washington,WA Salish Sea,WA Salish Sea,NONE,NONE,Mainland,6/6/2023 13:07
UCSC,Post Point,POP,48.7120018,-122.51913,3080,2022,Summer,SU22,166,6/13/2022,fucus,4,MAZAFF,0,Washington,WA Salish Sea,WA Salish Sea,NONE,NONE,Mainland,6/6/2023 13:07
UCSC,Post Point,POP,48.7120018,-122.51913,3080,2022,Summer,SU22,166,6/13/2022,fucus,4,MAZSPP,0,Washington,WA Salish Sea,WA Salish Sea,NONE,NONE,Mainland,6/6/2023 13:07
UCSC,Post Point,POP,48.7120018,-122.51913,3080,2022,Summer,SU22,166,6/13/2022,fucus,4,MYTCAL,0,Washington,WA Salish Sea,WA Salish Sea,NONE,NONE,Mainland,6/6/2023 13:07
UCSC,Post Point,POP,48.7120018,-122.51913,3080,2022,Summer,SU22,166,6/13/2022,fucus,4,MYTTRO,2,Washington,WA Salish Sea,WA Salish Sea,NONE,NONE,Mainland,6/6/2023 13:07
UCSC,Post Point,POP,48.7120018,-122.51913,3080,2022,Summer,SU22,166,6/13/2022,fucus,4,NEOLAR,0,Washington,WA Salish Sea,WA Salish Sea,NONE,NONE,Mainland,6/6/2023 13:07
UCSC,Post Point,POP,48.7120018,-122.51913,3080,2022,Summer,SU22,166,6/13/2022,fucus,4,NONCRU,1,Washington,WA Salish Sea,WA Salish Sea,NONE,NONE,Mainland,6/6/2023 13:07
UCSC,Post Point,POP,48.7120018,-122.51913,3080,2022,Summer,SU22,166,6/13/2022,fucus,4,OTHALG,0,Washington,WA Salish Sea,WA Salish Sea,NONE,NONE,Mainland,6/6/2023 13:07
UCSC,Post Point,POP,48.7120018,-122.51913,3080,2022,Summer,SU22,166,6/13/2022,fucus,4,OTHBAR,0,Washington,WA Salish Sea,WA Salish Sea,NONE,NONE,Mainland,6/6/2023 13:07
UCSC,Post Point,POP,48.7120018,-122.51913,3080,2022,Summer,SU22,166,6/13/2022,fucus,4,OTHBRO,0,Washington,WA Salish Sea,WA Salish Sea,NONE,NONE,Mainland,6/6/2023 13:07
UCSC,Post Point,POP,48.7120018,-122.51913,3080,2022,Summer,SU22,166,6/13/2022,fucus,4,OTHGRE,0,Washington,WA Salish Sea,WA Salish Sea,NONE,NONE,Mainland,6/6/2023 13:07
UCSC,Post Point,POP,48.7120018,-122.51913,3080,2022,Summer,SU22,166,6/13/2022,fucus,4,OTHINV,0,Washington,WA Salish Sea,WA Salish Sea,NONE,NONE,Mainland,6/6/2023 13:07
UCSC,Post Point,POP,48.7120018,-122.51913,3080,2022,Summer,SU22,166,6/13/2022,fucus,4,OTHRED,6,Washington,WA Salish Sea,WA Salish Sea,NONE,NONE,Mainland,6/6/2023 13:07
UCSC,Post Point,POP,48.7120018,-122.51913,3080,2022,Summer,SU22,166,6/13/2022,fucus,4,OTHSUB,0,Washington,WA Salish Sea,WA Salish Sea,NONE,NONE,Mainland,6/6/2023 13:07
UCSC,Post Point,POP,48.7120018,-122.51913,3080,2022,Summer,SU22,166,6/13/2022,fucus,4,PELLIM,0,Washington,WA Salish Sea,WA Salish Sea,NONE,NONE,Mainland,6/6/2023 13:07
UCSC,Post Point,POP,48.7120018,-122.51913,3080,2022,Summer,SU22,166,6/13/2022,fucus,4,PHRSAB,0,Washington,WA Salish Sea,WA Salish Sea,NONE,NONE,Mainland,6/6/2023 13:07
UCSC,Post Point,POP,48.7120018,-122.51913,3080,2022,Summer,SU22,166,6/13/2022,fucus,4,PHYSPP,0,Washington,WA Salish Sea,WA Salish Sea,NONE,NONE,Mainland,6/6/2023 13:07
UCSC,Post Point,POP,48.7120018,-122.51913,3080,2022,Summer,SU22,166,6/13/2022,fucus,4,PISOCH,0,Washington,WA Salish Sea,WA Salish Sea,NONE,NONE,Mainland,6/6/2023 13:07
UCSC,Post Point,POP,48.7120018,-122.51913,3080,2022,Summer,SU22,166,6/13/2022,fucus,4,POLPOL,0,Washington,WA Salish Sea,WA Salish Sea,NONE,NONE,Mainland,6/6/2023 13:07
UCSC,Post Point,POP,48.7120018,-122.51913,3080,2022,Summer,SU22,166,6/13/2022,fucus,4,PORSPP,0,Washington,WA Salish Sea,WA Salish Sea,NONE,NONE,Mainland,6/6/2023 13:07
UCSC,Post Point,POP,48.7120018,-122.51913,3080,2022,Summer,SU22,166,6/13/2022,fucus,4,ROCK,8,Washington,WA Salish Sea,WA Salish Sea,NONE,NONE,Mainland,6/6/2023 13:07
UCSC,Post Point,POP,48.7120018,-122.51913,3080,2022,Summer,SU22,166,6/13/2022,fucus,4,SAND,0,Washington,WA Salish Sea,WA Salish Sea,NONE,NONE,Mainland,6/6/2023 13:07
UCSC,Post Point,POP,48.7120018,-122.51913,3080,2022,Summer,SU22,166,6/13/2022,fucus,4,SARMUT,0,Washington,WA Salish Sea,WA Salish Sea,NONE,NONE,Mainland,6/6/2023 13:07
UCSC,Post Point,POP,48.7120018,-122.51913,3080,2022,Summer,SU22,166,6/13/2022,fucus,4,SCYSPP,0,Washington,WA Salish Sea,WA Salish Sea,NONE,NONE,Mainland,6/6/2023 13:07
UCSC,Post Point,POP,48.7120018,-122.51913,3080,2022,Summer,SU22,166,6/13/2022,fucus,4,SEMCAR,0,Washington,WA Salish Sea,WA Salish Sea,NONE,NONE,Mainland,6/6/2023 13:07
UCSC,Post Point,POP,48.7120018,-122.51913,3080,2022,Summer,SU22,166,6/13/2022,fucus,4,SEPBRA,0,Washington,WA Salish Sea,WA Salish Sea,NONE,NONE,Mainland,6/6/2023 13:07
UCSC,Post Point,POP,48.7120018,-122.51913,3080,2022,Summer,SU22,166,6/13/2022,fucus,4,SILCOM,0,Washington,WA Salish Sea,WA Salish Sea,NONE,NONE,Mainland,6/6/2023 13:07
UCSC,Post Point,POP,48.7120018,-122.51913,3080,2022,Summer,SU22,166,6/13/2022,fucus,4,TAR,0,Washington,WA Salish Sea,WA Salish Sea,NONE,NONE,Mainland,6/6/2023 13:07
UCSC,Post Point,POP,48.7120018,-122.51913,3080,2022,Summer,SU22,166,6/13/2022,fucus,4,TETRUB,0,Washington,WA Salish Sea,WA Salish Sea,NONE,NONE,Mainland,6/6/2023 13:07
UCSC,Post Point,POP,48.7120018,-122.51913,3080,2022,Summer,SU22,166,6/13/2022,fucus,4,ULVENT,0,Washington,WA Salish Sea,WA Salish Sea,NONE,NONE,Mainland,6/6/2023 13:07
UCSC,Post Point,POP,48.7120018,-122.51913,3080,2022,Summer,SU22,166,6/13/2022,fucus,5,ANTELE,0,Washington,WA Salish Sea,WA Salish Sea,NONE,NONE,Mainland,6/6/2023 13:07
UCSC,Post Point,POP,48.7120018,-122.51913,3080,2022,Summer,SU22,166,6/13/2022,fucus,5,ARTCOR,0,Washington,WA Salish Sea,WA Salish Sea,NONE,NONE,Mainland,6/6/2023 13:07
UCSC,Post Point,POP,48.7120018,-122.51913,3080,2022,Summer,SU22,166,6/13/2022,fucus,5,CHITON,0,Washington,WA Salish Sea,WA Salish Sea,NONE,NONE,Mainland,6/6/2023 13:07
UCSC,Post Point,POP,48.7120018,-122.51913,3080,2022,Summer,SU22,166,6/13/2022,fucus,5,CHOCAN,0,Washington,WA Salish Sea,WA Salish Sea,NONE,NONE,Mainland,6/6/2023 13:07
UCSC,Post Point,POP,48.7120018,-122.51913,3080,2022,Summer,SU22,166,6/13/2022,fucus,5,CHTBAL,34,Washington,WA Salish Sea,WA Salish Sea,NONE,NONE,Mainland,6/6/2023 13:07
UCSC,Post Point,POP,48.7120018,-122.51913,3080,2022,Summer,SU22,166,6/13/2022,fucus,5,CLACOL,0,Washington,WA Salish Sea,WA Salish Sea,NONE,NONE,Mainland,6/6/2023 13:07
UCSC,Post Point,POP,48.7120018,-122.51913,3080,2022,Summer,SU22,166,6/13/2022,fucus,5,CRUCOR,0,Washington,WA Salish Sea,WA Salish Sea,NONE,NONE,Mainland,6/6/2023 13:07
UCSC,Post Point,POP,48.7120018,-122.51913,3080,2022,Summer,SU22,166,6/13/2022,fucus,5,EGRMEN,0,Washington,WA Salish Sea,WA Salish Sea,NONE,NONE,Mainland,6/6/2023 13:07
UCSC,Post Point,POP,48.7120018,-122.51913,3080,2022,Summer,SU22,166,6/13/2022,fucus,5,EISARB,0,Washington,WA Salish Sea,WA Salish Sea,NONE,NONE,Mainland,6/6/2023 13:07
UCSC,Post Point,POP,48.7120018,-122.51913,3080,2022,Summer,SU22,166,6/13/2022,fucus,5,ENDMUR,0,Washington,WA Salish Sea,WA Salish Sea,NONE,NONE,Mainland,6/6/2023 13:07
UCSC,Post Point,POP,48.7120018,-122.51913,3080,2022,Summer,SU22,166,6/13/2022,fucus,5,ENPEPH,0,Washington,WA Salish Sea,WA Salish Sea,NONE,NONE,Mainland,6/6/2023 13:07
UCSC,Post Point,POP,48.7120018,-122.51913,3080,2022,Summer,SU22,166,6/13/2022,fucus,5,FUCGAR,5,Washington,WA Salish Sea,WA Salish Sea,NONE,NONE,Mainland,6/6/2023 13:07
UCSC,Post Point,POP,48.7120018,-122.51913,3080,2022,Summer,SU22,166,6/13/2022,fucus,5,HALSTE,0,Washington,WA Salish Sea,WA Salish Sea,NONE,NONE,Mainland,6/6/2023 13:07
UCSC,Post Point,POP,48.7120018,-122.51913,3080,2022,Summer,SU22,166,6/13/2022,fucus,5,HESCAL,0,Washington,WA Salish Sea,WA Salish Sea,NONE,NONE,Mainland,6/6/2023 13:07
UCSC,Post Point,POP,48.7120018,-122.51913,3080,2022,Summer,SU22,166,6/13/2022,fucus,5,LIMPET,1,Washington,WA Salish Sea,WA Salish Sea,NONE,NONE,Mainland,6/6/2023 13:07
UCSC,Post Point,POP,48.7120018,-122.51913,3080,2022,Summer,SU22,166,6/13/2022,fucus,5,LOTGIG,0,Washington,WA Salish Sea,WA Salish Sea,NONE,NONE,Mainland,6/6/2023 13:07
UCSC,Post Point,POP,48.7120018,-122.51913,3080,2022,Summer,SU22,166,6/13/2022,fucus,5,MASSPP,0,Washington,WA Salish Sea,WA Salish Sea,NONE,NONE,Mainland,6/6/2023 13:07
UCSC,Post Point,POP,48.7120018,-122.51913,3080,2022,Summer,SU22,166,6/13/2022,fucus,5,MAZAFF,0,Washington,WA Salish Sea,WA Salish Sea,NONE,NONE,Mainland,6/6/2023 13:07
UCSC,Post Point,POP,48.7120018,-122.51913,3080,2022,Summer,SU22,166,6/13/2022,fucus,5,MAZSPP,0,Washington,WA Salish Sea,WA Salish Sea,NONE,NONE,Mainland,6/6/2023 13:07
UCSC,Post Point,POP,48.7120018,-122.51913,3080,2022,Summer,SU22,166,6/13/2022,fucus,5,MYTCAL,0,Washington,WA Salish Sea,WA Salish Sea,NONE,NONE,Mainland,6/6/2023 13:07
UCSC,Post Point,POP,48.7120018,-122.51913,3080,2022,Summer,SU22,166,6/13/2022,fucus,5,MYTTRO,2,Washington,WA Salish Sea,WA Salish Sea,NONE,NONE,Mainland,6/6/2023 13:07
UCSC,Post Point,POP,48.7120018,-122.51913,3080,2022,Summer,SU22,166,6/13/2022,fucus,5,NEOLAR,0,Washington,WA Salish Sea,WA Salish Sea,NONE,NONE,Mainland,6/6/2023 13:07
UCSC,Post Point,POP,48.7120018,-122.51913,3080,2022,Summer,SU22,166,6/13/2022,fucus,5,NONCRU,0,Washington,WA Salish Sea,WA Salish Sea,NONE,NONE,Mainland,6/6/2023 13:07
UCSC,Post Point,POP,48.7120018,-122.51913,3080,2022,Summer,SU22,166,6/13/2022,fucus,5,OTHALG,0,Washington,WA Salish Sea,WA Salish Sea,NONE,NONE,Mainland,6/6/2023 13:07
UCSC,Post Point,POP,48.7120018,-122.51913,3080,2022,Summer,SU22,166,6/13/2022,fucus,5,OTHBAR,0,Washington,WA Salish Sea,WA Salish Sea,NONE,NONE,Mainland,6/6/2023 13:07
UCSC,Post Point,POP,48.7120018,-122.51913,3080,2022,Summer,SU22,166,6/13/2022,fucus,5,OTHBRO,0,Washington,WA Salish Sea,WA Salish Sea,NONE,NONE,Mainland,6/6/2023 13:07
UCSC,Post Point,POP,48.7120018,-122.51913,3080,2022,Summer,SU22,166,6/13/2022,fucus,5,OTHGRE,0,Washington,WA Salish Sea,WA Salish Sea,NONE,NONE,Mainland,6/6/2023 13:07
UCSC,Post Point,POP,48.7120018,-122.51913,3080,2022,Summer,SU22,166,6/13/2022,fucus,5,OTHINV,0,Washington,WA Salish Sea,WA Salish Sea,NONE,NONE,Mainland,6/6/2023 13:07
UCSC,Post Point,POP,48.7120018,-122.51913,3080,2022,Summer,SU22,166,6/13/2022,fucus,5,OTHRED,0,Washington,WA Salish Sea,WA Salish Sea,NONE,NONE,Mainland,6/6/2023 13:07
UCSC,Post Point,POP,48.7120018,-122.51913,3080,2022,Summer,SU22,166,6/13/2022,fucus,5,OTHSUB,1,Washington,WA Salish Sea,WA Salish Sea,NONE,NONE,Mainland,6/6/2023 13:07
UCSC,Post Point,POP,48.7120018,-122.51913,3080,2022,Summer,SU22,166,6/13/2022,fucus,5,PELLIM,0,Washington,WA Salish Sea,WA Salish Sea,NONE,NONE,Mainland,6/6/2023 13:07
UCSC,Post Point,POP,48.7120018,-122.51913,3080,2022,Summer,SU22,166,6/13/2022,fucus,5,PHRSAB,0,Washington,WA Salish Sea,WA Salish Sea,NONE,NONE,Mainland,6/6/2023 13:07
UCSC,Post Point,POP,48.7120018,-122.51913,3080,2022,Summer,SU22,166,6/13/2022,fucus,5,PHYSPP,0,Washington,WA Salish Sea,WA Salish Sea,NONE,NONE,Mainland,6/6/2023 13:07
UCSC,Post Point,POP,48.7120018,-122.51913,3080,2022,Summer,SU22,166,6/13/2022,fucus,5,PISOCH,0,Washington,WA Salish Sea,WA Salish Sea,NONE,NONE,Mainland,6/6/2023 13:07
UCSC,Post Point,POP,48.7120018,-122.51913,3080,2022,Summer,SU22,166,6/13/2022,fucus,5,POLPOL,0,Washington,WA Salish Sea,WA Salish Sea,NONE,NONE,Mainland,6/6/2023 13:07
UCSC,Post Point,POP,48.7120018,-122.51913,3080,2022,Summer,SU22,166,6/13/2022,fucus,5,PORSPP,0,Washington,WA Salish Sea,WA Salish Sea,NONE,NONE,Mainland,6/6/2023 13:07
UCSC,Post Point,POP,48.7120018,-122.51913,3080,2022,Summer,SU22,166,6/13/2022,fucus,5,ROCK,39,Washington,WA Salish Sea,WA Salish Sea,NONE,NONE,Mainland,6/6/2023 13:07
UCSC,Post Point,POP,48.7120018,-122.51913,3080,2022,Summer,SU22,166,6/13/2022,fucus,5,SAND,0,Washington,WA Salish Sea,WA Salish Sea,NONE,NONE,Mainland,6/6/2023 13:07
UCSC,Post Point,POP,48.7120018,-122.51913,3080,2022,Summer,SU22,166,6/13/2022,fucus,5,SARMUT,0,Washington,WA Salish Sea,WA Salish Sea,NONE,NONE,Mainland,6/6/2023 13:07
UCSC,Post Point,POP,48.7120018,-122.51913,3080,2022,Summer,SU22,166,6/13/2022,fucus,5,SCYSPP,0,Washington,WA Salish Sea,WA Salish Sea,NONE,NONE,Mainland,6/6/2023 13:07
UCSC,Post Point,POP,48.7120018,-122.51913,3080,2022,Summer,SU22,166,6/13/2022,fucus,5,SEMCAR,0,Washington,WA Salish Sea,WA Salish Sea,NONE,NONE,Mainland,6/6/2023 13:07
UCSC,Post Point,POP,48.7120018,-122.51913,3080,2022,Summer,SU22,166,6/13/2022,fucus,5,SEPBRA,0,Washington,WA Salish Sea,WA Salish Sea,NONE,NONE,Mainland,6/6/2023 13:07
UCSC,Post Point,POP,48.7120018,-122.51913,3080,2022,Summer,SU22,166,6/13/2022,fucus,5,SILCOM,0,Washington,WA Salish Sea,WA Salish Sea,NONE,NONE,Mainland,6/6/2023 13:07
UCSC,Post Point,POP,48.7120018,-122.51913,3080,2022,Summer,SU22,166,6/13/2022,fucus,5,TAR,0,Washington,WA Salish Sea,WA Salish Sea,NONE,NONE,Mainland,6/6/2023 13:07
UCSC,Post Point,POP,48.7120018,-122.51913,3080,2022,Summer,SU22,166,6/13/2022,fucus,5,TETRUB,0,Washington,WA Salish Sea,WA Salish Sea,NONE,NONE,Mainland,6/6/2023 13:07
UCSC,Post Point,POP,48.7120018,-122.51913,3080,2022,Summer,SU22,166,6/13/2022,fucus,5,ULVENT,18,Washington,WA Salish Sea,WA Salish Sea,NONE,NONE,Mainland,6/6/2023 13:07
