SECTION,NUMBER,ASSIGNED_NUMBER,ZONATION,FL_ROCKWEED,FL_ULVA,FL_TURFWEED,FL_SARGASSUM,FL_WASHCLOTH,FL_TOWEL,FL_IRRIDESCENT,FL_SUGAR,FL_CCA,FL_TAR,FL_RED,FL_GREEN,FL_BROWN,FL_OTHER,SL_ROCKWEED,SL_ULVA,SL_TURFWEED,SL_SARGASSUM,SL_WASHCLOTH,SL_TOWEL,SL_IRRIDESCENT,SL_SUGAR,SL_CCA,SL_TAR,SL_RED,SL_GREEN,SL_BROWN,SL_OTHER
1,1,1,L,P,P,A,A,P,P,A,P,A,A,P,A,A,A,A,A,A,A,A,A,A,A,A,P,A,A,A,A
1,2,2,L,P,P,A,A,P,A,P,A,A,A,A,A,A,A,A,A,A,A,A,A,A,A,A,P,A,A,A,A
1,3,3,L,A,A,A,A,P,A,A,P,A,A,A,A,A,A,A,A,A,A,A,A,A,A,P,P,A,A,A,A
1,4,4,L,A,P,A,A,P,A,A,P,A,A,P,A,A,A,A,A,A,A,A,A,A,A,P,P,A,A,A,A
1,5,5,L,P,P,A,P,P,P,P,P,A,A,P,A,A,A,A,A,A,A,A,A,A,A,P,P,A,A,A,A
1,6,6,L,A,P,A,A,P,P,P,A,A,A,A,A,P,A,A,A,A,A,A,A,A,A,P,A,A,A,A,A
1,7,7,L,A,P,A,A,A,A,P,A,A,A,P,A,A,A,A,A,A,A,A,A,A,A,P,P,A,A,A,A
1,8,8,L,A,P,A,P,P,P,P,A,A,A,P,A,A,A,A,A,A,A,A,A,A,A,A,P,A,A,A,A
1,9,9,L,A,P,A,P,P,P,A,A,A,A,A,A,A,A,A,A,A,A,A,A,A,A,P,P,A,A,A,A
1,10,10,L,P,P,A,P,P,P,A,A,A,A,A,A,A,A,A,A,A,A,A,A,A,A,A,P,A,A,A,A
1,11,11,M,A,P,A,A,P,A,A,A,A,A,A,A,A,A,A,A,A,A,A,A,A,A,A,P,A,A,A,A
1,12,12,M,A,P,A,P,P,A,A,A,A,A,A,A,A,A,A,A,A,A,A,A,A,A,A,P,A,A,A,A
1,13,13,M,P,P,A,P,P,P,A,A,A,A,A,A,A,A,A,A,A,A,A,A,A,A,A,P,A,A,A,A
1,14,14,M,P,P,A,P,P,A,A,A,A,A,A,A,A,A,A,A,A,A,A,A,A,A,A,P,A,A,A,A
1,15,15,M,P,P,A,A,P,A,A,A,A,A,A,A,A,A,A,A,A,A,A,A,A,A,A,A,A,A,A,A
1,16,16,M,P,P,A,A,P,A,A,A,A,A,A,A,A,A,A,A,A,A,A,A,A,A,P,A,A,A,A,A
1,17,17,M,P,P,A,A,P,A,P,A,A,A,A,A,A,A,A,A,A,A,A,A,A,A,P,P,A,A,A,A
1,18,18,M,A,P,A,A,P,A,P,A,A,A,A,A,A,A,A,A,A,A,A,A,A,A,A,P,A,A,A,A
1,19,19,U,P,A,A,A,A,A,A,A,A,P,A,A,A,A,A,A,A,A,A,A,A,A,A,P,A,A,A,A
1,20,20,U,P,A,A,A,A,A,A,A,P,A,A,A,A,A,A,A,A,A,A,A,A,A,A,A,A,A,A,A
1,21,21,U,A,P,A,A,A,A,A,A,A,A,A,A,A,A,A,A,A,A,A,A,A,A,A,A,A,A,A,A
1,22,22,U,A,A,A,A,A,A,A,A,A,A,A,A,A,A,A,A,A,A,A,A,A,A,A,A,A,A,A,A
1,23,23,U,P,A,P,A,A,A,A,A,A,A,A,A,A,A,A,A,A,A,A,A,A,A,A,A,A,A,A,A
1,24,24,U,A,A,A,A,A,A,A,A,A,A,A,A,A,A,A,A,A,A,A,A,A,A,A,A,A,A,A,A
1,25,25,U,P,A,P,A,A,A,A,A,A,P,A,A,A,A,A,A,A,A,A,A,A,A,A,A,A,A,A,A
1,26,26,U,P,A,P,A,A,A,A,A,A,A,A,A,A,A,A,A,A,A,A,A,A,A,A,A,A,A,A,A
1,27,27,U,A,A,P,A,A,A,A,A,A,A,A,A,A,A,A,A,A,A,A,A,A,A,A,A,A,A,A,A
1,28,28,U,A,A,A,A,A,A,A,A,A,A,A,A,A,A,A,A,A,A,A,A,A,A,A,A,A,A,A,A
1,29,29,U,P,A,A,A,A,A,A,A,A,A,A,A,A,A,A,A,A,A,A,A,A,A,A,A,A,A,A,A
1,30,30,U,A,A,P,A,A,A,A,A,A,A,A,A,A,A,A,A,A,A,A,A,A,A,A,A,A,A,A,A
1,31,31,U,P,A,P,A,A,A,A,A,A,A,A,A,A,A,A,A,A,A,A,A,A,A,A,A,A,A,A,A
1,32,32,U,P,A,A,A,A,A,A,A,A,A,A,A,A,A,A,A,A,A,A,A,A,A,A,A,A,A,A,A
1,33,33,U,P,A,P,A,A,A,A,A,A,A,A,A,A,A,A,A,A,A,A,A,A,A,A,A,A,A,A,A
1,34,34,U,P,A,A,A,A,A,A,A,A,A,A,A,A,A,A,A,A,A,A,A,A,A,A,A,A,A,A,A
1,35,35,M,P,P,A,A,P,A,A,A,A,A,A,A,A,A,A,A,A,A,A,A,A,A,A,A,A,A,A,A
1,36,36,M,A,P,A,A,P,A,A,A,A,A,A,A,A,A,A,A,A,A,A,A,A,A,A,A,A,A,A,A
1,37,37,M,A,P,A,A,A,A,A,A,A,A,A,A,A,A,A,A,A,A,A,A,A,A,A,A,A,A,A,A
1,38,38,M,P,P,A,P,P,A,A,A,A,A,A,A,A,A,A,A,A,A,A,A,A,A,A,A,A,A,A,A
1,39,39,L,A,P,A,A,P,A,A,A,A,A,A,A,A,A,A,A,A,A,A,A,A,A,A,A,A,A,A,A
1,40,40,L,A,P,A,A,P,A,A,A,A,A,A,A,A,A,A,A,A,A,A,A,A,A,A,A,A,A,A,A
1,41,41,L,A,P,A,P,A,A,A,A,A,A,A,A,A,A,A,A,A,A,A,A,A,A,A,A,A,A,A,A
1,42,42,L,A,P,A,P,P,A,A,A,A,A,A,A,A,A,A,A,A,A,A,A,A,A,A,A,A,A,A,A
1,43,43,L,A,P,A,P,A,A,A,P,A,A,A,A,A,A,A,A,A,A,A,A,A,A,A,A,A,A,A,A
1,44,44,L,A,P,A,P,A,A,A,A,A,A,A,A,A,A,A,A,A,A,A,A,A,A,A,A,A,A,A,A
1,45,45,L,A,P,A,A,A,A,A,A,A,A,A,A,A,A,A,A,A,A,A,A,A,A,A,A,A,A,A,A
1,46,46,L,A,P,A,A,A,A,A,A,A,A,A,A,A,A,A,A,A,A,A,A,A,A,A,A,A,A,A,A
1,47,47,L,A,P,A,A,A,A,A,A,A,A,A,A,A,A,A,A,A,A,A,A,A,A,A,A,A,A,A,A
1,48,48,L,P,P,A,A,A,A,A,A,A,A,A,A,A,A,A,A,A,A,A,A,A,A,A,A,A,A,A,A
1,49,49,L,A,P,A,P,A,A,A,A,A,A,A,A,A,A,A,A,A,A,A,A,A,A,A,A,A,A,A,A
1,50,50,L,A,P,A,P,A,A,A,A,A,A,A,A,A,A,A,A,A,A,A,A,A,A,A,A,A,A,A,A
1,51,51,U,P,A,A,A,P,A,A,A,A,A,A,A,A,A,A,A,A,A,A,A,A,A,A,A,A,A,A,A
1,52,52,U,A,A,A,A,P,A,A,A,A,A,A,A,A,A,A,A,A,A,A,A,A,A,A,P,A,A,A,A
2,53,1,L,P ,P,A,A,A,A,P,P,A,A,A,A,A,A,A,A,A,A,A,A,A,A,P,A,A,A,A,A
2,54,2,L,P,P,A,P,A,A,P,A,A,A,A,A,A,A,A,A,A,A,A,A,A,A,A,A,A,A,A,A
2,55,3,M,A,P,A,A,A,A,A,A,A,A,A,A,A,A,A,A,A,A,A,A,A,A,P,A,A,A,A,A
2,56,4,M,P,P,A,P,A,A,A,A,A,A,A,A,A,A,A,A,A,A,A,A,A,A,P,A,A,A,A,A
2,57,5,M,A,P,A,P,A,A,A,A,A,A,A,A,A,P,A,A,A,A,A,A,A,A,P,A,A,A,A,A
2,58,6,M,P,P,A,P,A,A,A,A,A,A,A,A,A,A,A,A,A,A,A,A,A,A,A,A,A,P,A,A
2,59,7,M,A,P,A,P,A,A,A,A,A,A,A,A,A,P,A,A,A,A,A,A,A,A,A,A,A,A,A,A
2,60,8,M,A,P,A,P,A,A,A,A,A,A,A,A,A,A,A,A,A,A,A,A,A,A,A,A,A,A,A,A
2,61,9,M,A,P,A,P,A,A,A,A,A,A,A,A,A,A,A,A,A,A,A,A,A,A,A,A,A,A,A,A
2,62,10,M,A,P,A,P,A,A,A,A,A,A,A,A,A,A,A,A,A,A,A,A,A,A,A,A,A,A,A,A
2,63,11,L,P,P,A,P,A,A,P,A,A,A,A,A,A,A,A,A,A,A,A,A,A,A,A,A,A,A,A,A
2,64,12,L,P,P,A,P,A,A,A,A,A,A,A,A,A,A,A,A,A,A,A,A,A,A,A,A,A,A,A,A
2,65,13,L,P,P,A,A,A,A,A,A,A,A,A,A,A,P,A,A,A,A,A,A,A,A,A,A,A,A,A,A
2,66,14,L,A,P,A,A,A,A,A,A,A,A,A,A,P,A,A,A,A,A,A,A,A,A,A,A,A,A,A,A
2,67,15,L,P,P,A,A,A,A,P,A,A,A,A,A,A,A,A,A,A,A,A,A,A,A,A,A,A,A,A,A
2,68,16,L,A,P,A,A,A,A,A,A,A,A,A,A,P,A,A,A,A,A,A,A,A,A,A,A,A,A,A,A
2,69,17,M,P,P,A,A,A,A,A,A,A,A,A,A,A,A,A,A,A,A,A,A,A,A,P,A,A,A,A,A
2,70,18,M,P,P,A,A,A,A,A,A,A,A,A,A,A,A,A,A,A,A,A,A,A,A,P,A,A,A,A,A
2,71,19,M,P,P,A,A,A,A,A,A,A,A,A,A,A,A,A,A,A,A,A,A,A,A,P,A,A,A,A,A
2,72,20,M,P,P,A,A,A,A,A,A,A,A,A,A,A,A,A,A,A,A,A,A,A,A,P,A,A,A,A,A
2,73,21,M,P,A,A,A,A,A,A,A,A,A,P,A,A,A,A,A,A,A,A,A,A,A,A,A,A,A,A,A
2,74,22,M,P,P,A,A,A,A,A,A,A,A,A,A,P,A,A,A,A,A,A,A,A,A,P,A,A,A,A,A
2,75,23,M,A,P,A,P,A,A,A,P,A,A,A,A,A,A,A,A,A,A,A,A,A,A,A,A,A,A,A,A
2,76,24,M,A,P,A,A,A,A,A,A,P,A,A,A,A,A,A,A,A,A,A,A,A,A,A,A,A,A,A,A
2,77,25,U,P,A,P,A,A,A,A,A,A,A,A,A,A,A,A,A,A,A,A,A,A,A,A,A,A,A,A,A
2,78,26,U,P,A,P,A,A,A,A,A,A,A,A,A,A,A,A,A,A,A,A,A,A,A,A,A,A,A,A,A
2,79,27,U,A,A,P,A,A,A,A,A,A,A,A,A,A,A,A,A,A,A,A,A,A,A,A,A,A,A,A,A
2,80,28,U,P,A,P,A,A,A,A,A,A,P,A,A,A,A,A,A,A,A,A,A,A,A,A,A,A,A,A,A
2,81,29,U,P,A,A,A,A,A,A,A,A,P,A,A,A,A,A,A,A,A,A,A,A,A,A,A,A,A,A,A
2,82,30,U,A,A,A,A,A,A,A,A,A,A,A,A,A,A,A,A,A,A,A,A,A,A,A,A,A,A,A,A
2,83,31,U,A,A,P,A,A,A,A,A,A,P,A,P,A,P,A,A,A,A,A,A,A,A,A,A,A,A,A,A
2,84,32,U,A,A,P,A,A,A,A,A,A,P,A,A,A,A,A,A,A,A,A,A,A,A,A,A,A,A,A,A
2,85,33,U,A,A,P,A,A,A,A,A,A,A,A,A,A,A,A,A,A,A,A,A,A,A,A,A,A,A,A,A
2,86,34,U,A,A,P,A,A,A,A,A,A,A,A,A,A,A,A,A,A,A,A,A,A,A,A,A,A,A,A,A
2,87,35,U,A,A,A,A,A,A,A,A,A,A,A,A,A,A,A,A,A,A,A,A,A,A,A,A,A,A,A,A
2,88,36,U,A,A,A,A,A,A,A,A,A,A,A,A,A,A,A,A,A,A,A,A,A,A,A,A,A,A,A,A
2,89,37,U,P,A,P,A,A,A,A,A,A,A,A,A,A,A,A,A,A,A,A,A,A,A,A,A,A,A,A,A
2,90,38,U,A,A,P,A,A,A,A,A,A,A,A,A,A,A,A,A,A,A,A,A,A,A,A,A,A,A,A,A
2,91,39,U,P,A,P,A,A,A,A,A,A,A,A,A,A,A,A,A,A,A,A,A,A,A,A,A,A,A,A,A
2,92,40,U,A,A,A,A,A,A,A,A,A,A,A,A,A,A,A,A,A,A,A,A,A,A,A,A,A,A,A,A
2,93,41,M,P,A,P,A,A,A,A,A,A,A,A,A,A,A,A,A,A,A,A,A,A,A,A,P,A,A,A,A
2,94,42,M,P,A,P,A,A,A,A,A,A,A,A,P,A,A,A,A,A,A,A,A,A,A,A,A,A,A,A,A
2,95,43,M,P,A,P,P,A,A,A,A,P,P,A,A,A,A,A,A,A,A,A,A,A,A,A,P,A,P,A,A
2,96,44,U,A,A,P,A,A,A,A,A,A,P,A,A,A,A,A,A,A,A,A,A,A,A,A,P,A,A,A,A
2,97,45,U,A,A,P,A,A,A,A,A,A,P,A,A,A,A,A,A,A,A,A,A,A,A,A,A,A,A,A,A
2,98,46,L,P,P,P,P,P,P,P,P,A,A,A,A,A,A,A,A,P,A,A,A,A,A,P,A,A,A,A,A
2,99,47,L,P,P,A,P,P,P,P,P,P,A,A,A,A,A,A,A,A,A,A,A,A,A,A,A,A,A,A,A
2,100,48,L,A,P,A,P,P,P,A,A,P,A,P,A,A,A,A,A,A,A,A,A,A,A,A,A,A,A,A,A
2,101,49,L,A,P,P,P,A,P,A,P,P,A,A,A,A,A,A,A,A,A,A,A,A,A,P,A,A,A,A,A
2,102,50,L,A,P,P,P,P,P,A,A,P,A,A,A,A,P,A,A,A,A,A,A,A,A,P,A,A,A,A,A
2,103,51,L,A,P,A,A,A,P,A,A,P,A,A,A,P,A,A,A,A,A,A,A,A,A,A,A,A,A,A,A
2,104,52,L,A,P,P,P,A,P,A,A,A,A,P,A,P,A,A,A,A,A,A,A,A,A,P,A,A,A,A,A
2,105,53,L,A,P,A,P,A,P,A,A,A,A,A,A,P,A,A,A,P,A,A,A,A,A,P,A,A,A,A,A
2,106,54,L,A,P,P,P,P,P,P,A,A,A,P,A,P,P,A,A,P,A,A,A,A,A,P,A,P,A,A,A
2,107,55,L,A,A,A,P,A,A,A,P,A,A,A,A,P,A,A,A,A,A,A,A,A,A,P,A,A,A,A,P
2,108,56,L,A,P,P,P,A,A,A,A,P,A,P,A,P,P,A,A,A,A,A,A,A,A,A,A,A,A,A,P
2,109,57,L,A,P,P,P,A,A,P,A,A,A,P,A,P,A,A,A,A,A,A,A,A,A,A,A,A,A,A,A
2,110,58,L,A,P,P,A,A,A,P,P,P,A,A,A,P,A,A,A,A,A,A,A,A,A,A,A,A,A,A,P
2,111,59,L,A,P,P,P,A,P,P,A,A,A,A,A,P,A,A,A,A,A,A,A,A,A,A,A,A,A,A,A
2,112,60,M,P,A,P,A,A,A,A,A,A,A,A,A,A,A,A,A,A,A,A,A,A,A,A,A,A,A,A,A
2,113,61,M,P,A,P,A,A,A,A,A,A,A,A,A,A,A,A,A,A,A,A,A,A,A,A,A,A,A,A,A
2,114,62,M,P,A,P,A,A,A,A,A,A,A,A,A,A,A,A,A,A,A,A,A,A,A,A,A,A,P,A,A
2,115,63,M,P,A,P,P,A,A,A,A,A,A,A,A,A,A,A,A,A,A,A,A,A,A,A,A,A,A,A,A
2,116,64,M,P,A,P,A,A,A,A,A,A,P,A,A,A,A,A,A,A,A,A,A,A,A,A,A,A,A,A,A
2,117,65,M,P,A,P,A,A,A,A,A,A,P,A,A,A,A,A,A,A,A,A,A,A,A,A,A,A,A,A,A
2,118,66,M,P,A,P,A,A,A,P,A,A,A,A,A,A,A,A,A,A,A,A,A,A,A,A,A,A,A,A,A
2,119,67,M,P,A,P,A,A,A,A,A,A,A,A,A,A,A,A,A,A,A,A,A,A,A,A,A,A,A,A,A
2,120,68,M,A,A,A,A,A,A,A,A,A,A,A,A,A,A,A,A,A,A,A,A,A,A,A,A,A,A,A,A
2,121,69,M,A,A,A,A,A,A,A,A,A,A,A,A,A,A,A,A,A,A,A,A,A,A,A,A,A,A,A,A
2,122,70,M,P,A,P,A,A,A,A,A,A,P,A,A,A,A,A,A,A,A,A,A,A,A,A,A,A,A,A,A
2,123,71,M,A,A,A,A,A,A,A,A,A,A,A,A,A,A,A,A,A,A,A,A,A,A,A,A,A,A,A,A
3,124,1,L,P,P,A,A,P,A,P,A,A,A,A,A,A,A,A,A,A,A,A,A,A,A,A,A,A,A,P,A
3,125,2,L,A,P,A,P,P,A,P,A,A,A,A,A,A,A,A,A,A,A,A,A,A,A,P,A,A,A,A,A
3,126,3,L,A,P,A,A,A,A,A,P,A,A,P,A,A,A,A,A,A,A,A,A,A,A,A,A,A,A,A,A
3,127,4,L,P,P,A,P,A,A,A,P,A,A,A,A,A,A,A,A,A,A,A,A,A,A,A,A,A,A,A,A
3,128,5,L,A,A,A,P,A,A,A,P,A,A,A,A,A,A,A,A,A,A,A,A,A,A,A,A,A,A,A,A
3,129,6,L,A,P,P,A,A,A,A,P,A,A,P,A,A,A,A,A,A,A,A,A,A,A,A,A,A,A,A,A
3,130,7,L,P,P,A,P,A,A,P,A,A,A,A,A,A,A,A,A,A,A,A,A,A,A,A,A,A,A,A,A
3,131,8,L,A,P,P,P,A,A,A,A,A,A,A,A,A,P,A,A,A,A,A,A,A,A,P,A,A,A,A,A
3,132,9,M,P,P,A,A,A,A,A,A,A,A,A,A,A,P,A,A,A,A,A,A,A,A,P,A,A,A,A,A
3,133,10,M,P,P,A,P,P,P,A,A,A,A,A,A,A,A,A,A,A,A,A,A,A,A,A,A,A,A,A,A
3,134,11,M,P,P,A,P,A,A,A,A,A,A,A,A,A,A,A,P,A,A,A,A,A,A,P,A,P,A,A,A
3,135,12,M,P,P,A,P,A,A,A,A,A,A,A,A,A,A,A,A,A,A,A,A,A,A,A,A,A,A,A,A
3,136,13,M,A,P,A,P,A,A,A,A,A,A,A,A,A,A,A,A,A,A,A,A,A,A,A,A,A,A,A,A
3,137,14,M,P,P,A,A,A,A,A,A,A,A,A,A,A,A,A,A,A,A,A,A,A,A,A,A,A,A,A,A
3,138,15,L,A,P,A,P,P,A,A,P,A,A,A,A,A,A,A,A,A,A,A,A,A,A,A,A,A,A,A,A
3,139,16,L,P,P,A,A,P,A,A,P,A,A,P,A,A,A,A,A,A,P,A,A,A,A,A,A,A,A,A,A
3,140,17,L,P,P,A,P,A,A,A,A,A,A,A,A,P,A,A,A,A,A,A,A,A,A,A,A,A,A,A,A
3,141,18,L,A,P,A,P,A,A,A,A,A,A,P,A,A,A,A,A,A,A,A,A,A,A,A,A,A,A,A,A
3,142,19,M,P,P,A,P,A,A,A,A,P,A,A,A,A,A,A,A,A,A,A,A,A,A,A,P,A,A,A,A
3,143,20,M,P,A,A,A,A,A,A,A,A,A,A,A,A,A,A,A,A,A,A,A,A,A,A,A,A,A,A,A
3,144,21,L,A,P,A,P,P,A,A,P,A,A,A,A,A,A,A,A,A,A,A,A,A,A,A,A,A,A,A,A
3,145,22,L,A,P,A,A,P,A,P,P,A,A,P,A,A,A,A,A,A,A,A,A,A,A,A,A,A,A,A,A
3,146,23,L,P,P,A,A,P,A,A,A,A,P,P,A,A,A,A,A,A,A,A,A,A,A,A,A,A,P,A,A
3,147,24,L,P,P,A,P,A,A,A,A,A,A,P,A,A,A,A,A,A,A,A,A,A,A,A,A,A,P,A,A
3,148,25,M,P,A,A,A,A,A,A,A,A,A,P,A,A,A,A,A,A,A,A,A,A,A,A,A,A,A,A,A
3,149,26,M,P,A,A,A,A,A,A,A,A,A,A,A,A,A,A,A,A,A,A,A,A,A,A,A,A,A,A,A
3,150,27,U,P,A,A,A,A,A,A,A,A,P,A,A,A,A,A,A,A,A,A,A,A,A,A,A,A,A,A,A
3,151,28,U,P,A,A,A,A,A,A,A,A,P,A,A,A,A,A,A,A,A,A,A,A,A,A,A,A,A,A,A
3,152,29,L,P,P,A,P,A,P,A,P,A,A,P,A,A,A,A,A,A,A,A,A,A,A,A,A,A,P,A,A
3,153,30,L,P,P,A,P,A,P,A,A,A,A,P,A,A,A,A,A,A,A,A,A,A,A,A,A,A,A,A,A
3,154,31,M,P,P,A,A,A,A,A,A,A,A,P,A,A,A,A,A,A,A,A,A,A,A,A,A,A,P,A,A
3,155,32,M,P,P,A,A,P,A,A,A,A,A,P,A,A,A,A,A,A,A,A,A,A,A,A,A,A,P,A,A
3,156,33,U,P,A,A,A,A,A,A,A,A,A,A,A,A,A,A,A,A,A,A,A,A,A,A,A,A,A,A,A
3,157,34,U,P,A,A,A,A,A,A,A,A,A,A,A,A,A,A,A,A,A,A,A,A,A,A,A,A,A,A,A
3,158,35,L,A,P,A,A,P,P,A,P,A,A,P,A,A,A,A,A,A,A,A,A,A,A,A,A,A,A,A,A
3,159,36,L,A,P,A,A,P,A,P,P,A,A,P,A,A,A,A,A,A,A,A,A,A,A,A,A,A,A,A,A
3,160,37,M,P,P,A,A,P,A,A,A,A,A,A,A,A,A,A,A,A,A,A,A,A,A,A,A,A,A,A,A
3,161,38,M,A,A,A,A,A,A,A,A,A,A,A,A,A,A,A,A,A,A,A,A,A,A,A,A,A,A,A,A
3,162,39,U,P,P,A,A,A,A,A,A,A,A,P,A,A,A,A,A,A,A,A,A,A,A,A,A,A,A,A,A
3,163,40,U,P,P,A,A,A,A,A,A,A,A,P,A,A,A,A,A,A,A,A,A,A,A,A,A,A,A,A,A
3,164,41,L,A,P,A,P,P,P,A,P,A,A,A,A,A,A,A,A,A,A,A,A,A,A,A,A,A,A,A,A
3,165,42,L,A,A,A,P,A,A,A,P,A,A,A,A,A,A,A,A,A,A,A,A,A,A,A,A,A,A,A,A
3,166,43,M,P,P,A,A,A,A,A,A,A,A,P,A,A,A,A,A,A,A,A,A,A,A,A,A,A,P,A,A
3,167,44,M,P,P,A,A,A,A,A,A,A,A,P,A,A,A,A,A,A,A,A,A,A,A,A,A,A,P,A,A
3,168,45,U,P,A,A,A,A,A,A,A,A,A,P,A,A,A,A,A,A,A,A,A,A,A,A,A,A,A,A,A
3,169,46,L,A,P,A,A,P,A,P,P,A,A,A,A,A,A,A,A,A,A,A,A,A,A,A,A,A,A,A,A
3,170,47,L,P,P,A,A,A,A,A,P,A,A,A,A,A,A,A,A,A,A,A,A,A,A,A,A,A,A,A,A
3,171,48,U,P,P,A,A,A,A,A,A,A,A,P,A,A,A,A,A,A,A,A,A,A,A,A,A,A,P,A,A
3,172,49,U,P,P,A,A,A,A,A,A,A,A,P,A,A,A,A,A,A,A,A,A,A,A,A,A,A,A,A,A
3,173,50,M,P,P,A,A,P,A,A,A,A,A,P,A,A,A,A,A,A,A,A,A,A,A,A,A,A,A,A,A
3,174,51,M,A,P,A,A,P,P,A,P,A,A,P,A,A,A,A,A,A,A,A,A,A,A,A,A,A,A,A,A
3,175,52,U,P,P,A,A,A,A,A,A,A,A,P,A,A,A,A,A,A,A,A,A,A,A,A,A,A,A,A,A
3,176,53,U,P,A,A,A,A,A,A,A,A,A,P,A,A,A,A,A,A,A,A,A,A,A,A,A,A,A,A,A
3,177,54,U,P,A,P,A,A,A,A,A,A,P,A,A,A,A,A,A,A,A,A,A,A,A,A,A,A,A,A,A
3,178,55,M,P,A,A,A,A,A,A,A,A,A,A,A,A,A,A,A,A,A,A,A,A,A,A,A,P,A,A,A
3,179,56,L,P,P,P,A,P,A,A,A,A,P,P,A,A,A,A,A,P,P,A,A,P,A,P,P,P,A,A,A
4,180,1,U,A,A,P,A,A,A,A,A,A,P,A,A,A,A,A,A,A,A,A,A,A,A,A,A,A,A,A,A
4,181,2,U,A,A,P,A,A,A,A,A,A,P,A,A,A,A,A,A,A,A,A,A,A,A,A,A,A,A,A,A
4,182,3,U,A,A,P,A,A,A,A,A,A,P,A,A,A,A,A,A,A,A,A,A,A,A,A,A,A,A,A,A
4,183,4,U,A,A,P,A,P,P,A,A,A,P,A,A,A,A,A,A,A,A,A,A,A,A,A,A,A,A,A,A
4,184,5,U,A,A,A,A,A,A,A,A,A,A,A,A,A,A,A,A,A,A,A,A,A,A,A,A,A,A,A,A
4,185,6,U,A,A,A,A,A,A,A,A,A,A,A,A,P,A,A,A,A,A,A,A,A,A,A,A,A,A,A,A
4,186,7,U,A,A,P,A,A,A,A,A,A,A,A,A,P,A,A,A,A,A,A,A,A,A,A,A,A,A,A,A
4,187,8,U,A,A,P,A,A,A,A,A,A,A,A,A,A,A,A,A,A,A,A,A,A,A,A,A,A,A,A,A
4,188,9,U,A,A,A,A,A,A,A,A,A,A,A,A,A,A,A,A,A,A,A,A,A,A,A,A,A,A,A,A
4,189,10,U,A,A,A,A,A,A,A,A,A,A,A,A,A,A,A,A,A,A,A,A,A,A,A,A,A,A,A,A
4,190,11,U,A,A,A,A,A,A,A,A,A,A,A,A,A,A,A,A,A,A,A,A,A,A,A,A,A,A,A,A
4,191,5,U,A,A,P,P,A,A,A,A,A,A,A,A,A,A,A,A,A,A,A,A,A,A,A,A,A,A,A,A
4,192,6,U,A,A,P,A,A,A,A,A,A,A,A,A,A,A,A,A,A,A,A,A,A,A,A,A,A,A,A,A
4,193,7,U,A,A,P,P,A,A,A,A,A,A,A,A,A,A,A,A,A,A,A,A,A,A,A,A,A,A,A,A
4,194,8,U,A,A,P,A,A,A,A,A,A,A,A,A,A,A,A,A,A,A,A,A,A,A,A,A,A,A,A,A
4,195,9,U,A,A,P,A,A,A,A,A,A,P,A,A,A,A,A,A,A,A,A,A,A,A,A,A,A,A,A,A
4,196,10,U,A,A,P,A,A,A,A,A,A,P,A,A,A,A,A,A,A,A,A,A,A,A,A,A,A,A,A,A
4,197,11,M,P,A,P,A,A,A,A,A,A,P,A,A,A,A,A,A,A,A,A,A,A,A,A,A,A,A,A,A
4,198,12,M,P,A,P,A,A,A,A,A,A,P,A,A,A,A,A,A,A,A,A,A,A,A,A,A,A,A,A,A
4,199,13,M,P,P,P,A,A,A,A,A,A,A,A,A,A,A,A,A,A,A,A,A,A,A,A,A,A,A,A,A
4,200,14,M,P,P,P,A,A,A,A,A,A,P,A,A,A,A,A,A,A,A,A,A,A,A,A,A,A,A,A,A
4,201,15,U,A,A,A,A,A,A,A,A,A,A,A,A,A,A,A,A,A,A,A,A,A,A,A,A,A,A,A,A
4,202,16,M,P,A,P,A,A,A,A,A,A,P,A,A,A,A,A,A,A,A,A,A,A,A,A,A,A,P,P,A
4,203,17,M,P,A,P,A,A,A,A,A,A,A,A,A,A,A,A,A,A,A,A,A,A,A,P,P,A,A,A,A
4,204,18,M,P,A,P,P,A,A,A,A,A,A,A,P,A,A,A,A,A,A,A,A,A,A,A,A,A,A,A,A
4,205,19,M,P,A,P,P,A,A,A,A,A,A,A,A,A,A,A,A,A,A,A,A,A,A,P,A,A,A,A,A
4,206,20,M,P,A,P,A,A,A,A,A,A,A,A,A,A,A,A,A,A,A,A,A,A,A,A,A,A,A,A,A
4,207,21,M,P,A,P,P,A,A,A,A,A,A,A,A,A,A,A,A,A,A,A,A,A,A,A,A,A,A,A,A
4,208,22,M,P,A,A,A,A,A,A,A,A,A,A,A,A,A,A,A,A,A,A,A,A,A,A,A,A,A,A,A
4,209,23,M,P,A,P,A,A,A,A,A,A,A,A,A,A,A,A,A,A,A,A,A,A,A,A,A,A,A,A,A
4,210,24,L,A,P,P,A,A,A,P,A,A,P,A,A,P,A,A,A,A,A,A,A,A,A,P,A,A,A,A,A
4,211,25,L,A,P,P,A,A,A,P,A,A,A,A,A,A,A,A,A,A,P,A,A,A,A,A,A,P,A,A,A
4,212,26,L,A,P,A,A,A,A,P,A,A,A,A,A,P,A,A,A,A,A,A,A,A,A,A,A,A,A,A,A
4,213,27,L,A,P,A,A,A,A,A,A,A,A,A,A,P,A,A,A,A,A,A,A,A,A,A,A,A,A,A,A
4,214,28,L,A,P,A,P,A,P,A,A,A,A,A,A,P,A,A,A,A,A,A,A,A,A,A,P,A,A,A,A
4,215,29,L,A,P,A,P,A,A,A,P,A,A,A,A,P,A,A,A,A,A,A,A,A,A,A,A,A,A,A,A
4,216,30,L,P,P,P,P,A,A,A,A,A,A,P,A,A,A,A,A,A,A,A,A,A,A,A,A,A,A,A,A
4,217,31,L,P,P,P,A,A,A,A,A,A,A,A,A,A,A,A,A,A,A,A,A,A,A,A,A,A,A,A,A
4,218,32,L,P,P,A,P,A,A,P,A,P,A,A,A,A,A,A,A,A,A,A,A,A,A,P,P,A,P,A,A
4,219,33,L,A,P,P,P,A,A,P,A,A,A,A,P,A,A,A,A,A,A,A,A,A,A,P,P,A,A,A,A
4,220,34,L,P,P,P,P,A,A,P,A,A,A,A,A,A,A,A,A,A,A,A,A,A,A,P,A,A,A,A,A
4,221,35,L,A,P,A,A,A,P,P,A,A,A,P,A,P,A,A,A,A,A,A,A,A,A,A,A,A,A,A,A
4,222,36,L,A,A,P,P,P,P,P,P,P,A,A,A,A,A,A,A,A,A,A,A,A,A,A,A,A,A,A,A
4,223,37,L,A,P,A,P,A,P,P,P,A,A,P,A,A,A,A,A,A,A,A,A,A,A,A,A,A,A,A,A
4,224,38,L,P,P,A,A,P,A,A,A,A,A,A,A,A,A,A,A,A,A,A,A,A,A,A,A,A,A,A,A
4,225,39,L,P,P,A,P,P,A,A,A,A,A,A,A,A,A,A,A,A,A,A,A,A,A,A,A,A,A,A,A
4,226,40,M,P,A,A,A,A,A,A,A,A,A,A,A,A,A,A,A,A,A,A,A,A,A,A,A,A,A,A,A
4,227,41,M,P,A,A,A,A,A,A,A,A,A,A,A,A,A,A,A,A,A,A,A,A,A,A,P,A,A,A,A
4,228,42,L,A,P,A,P,A,A,A,A,A,A,A,A,A,A,A,A,A,A,A,A,A,A,A,P,A,A,A,A
4,229,43,L,A,P,A,P,A,A,A,A,A,A,A,A,A,A,A,A,A,A,A,A,A,A,A,A,A,A,A,A
4,230,44,M,P,A,A,A,A,A,A,A,A,A,A,A,A,A,A,A,P,A,P,A,A,A,A,A,A,A,A,A
4,231,45,M,P,A,A,A,A,A,A,A,A,A,A,A,A,A,A,A,P,P,A,A,A,A,A,A,A,A,A,A
4,232,46,M,P,A,A,A,A,A,A,A,A,A,A,P,A,A,A,A,A,A,A,A,A,A,A,A,A,A,A,A
4,233,47,M,P,A,A,A,A,A,A,A,A,A,A,A,A,A,A,A,A,A,A,A,A,A,A,A,A,A,A,A
4,234,48,L,A,P,A,P,A,P,P,A,A,A,A,A,A,A,A,A,A,A,A,A,A,A,P,A,A,A,A,A
4,235,49,L,A,P,A,P,A,A,A,A,A,A,A,A,A,A,A,A,A,A,A,A,A,A,A,A,A,A,A,A
4,236,50,L,A,P,A,P,P,A,A,A,A,A,A,A,A,A,A,A,A,A,A,A,A,A,A,P,A,A,A,A
4,237,51,L,A,P,P,P,A,A,A,A,A,A,A,A,A,A,A,A,A,A,A,A,A,A,A,P,A,A,A,A
4,238,52,M,P,A,A,A,A,A,A,A,A,A,A,A,A,A,A,A,A,A,A,A,A,A,P,P,A,A,A,A
4,239,53,M,P,A,P,A,A,A,A,A,A,P,A,A,A,A,A,A,A,A,A,A,A,A,A,A,A,A,A,A
4,240,54,M,P,A,A,A,A,A,A,A,A,A,A,A,A,A,A,A,A,A,A,A,A,A,A,A,A,A,A,A
4,241,55,M,P,A,A,A,A,A,A,A,A,A,A,A,A,A,A,A,A,A,A,A,A,A,A,A,A,A,A,A
4,242,56,U,A,A,P,A,A,A,A,A,A,A,A,A,A,A,A,A,A,A,A,A,A,A,A,A,A,A,A,A
4,243,57,U,A,A,P,A,A,A,A,A,A,A,A,A,A,A,A,A,A,A,A,A,A,A,A,A,A,A,A,A
4,244,58,U,A,A,P,A,A,A,A,A,A,A,A,A,A,A,A,A,A,A,A,A,A,A,A,A,A,A,A,A
4,245,59,U,A,A,P,A,A,A,A,A,A,A,A,A,A,A,A,A,A,A,A,A,A,A,A,A,A,A,A,A
4,246,60,U,A,A,P,A,A,A,A,A,A,A,A,A,A,A,A,A,A,A,A,A,A,A,A,A,A,A,A,A
4,247,61,U,A,A,P,A,A,A,A,A,A,A,A,A,A,A,A,A,A,A,A,A,A,A,A,A,A,A,A,A
5,248,1,L,P,P,A,P,A,A,A,A,A,A,A,A,A,A,A,A,A,A,A,A,A,A,A,A,A,A,A,A
5,249,2,L,A,P,A,P,P,P,A,A,A,A,A,A,A,A,A,A,A,A,A,A,A,A,A,A,A,A,A,A
5,250,3,L,A,P,A,P,P,A,A,P,A,A,A,A,A,A,A,A,A,A,A,A,A,A,A,A,A,A,A,A
5,251,4,L,P,P,A,P,A,P,A,A,A,A,A,A,A,A,A,A,A,A,A,A,A,A,A,A,A,A,A,A
5,252,5,L,A,P,A,A,A,A,A,P,A,A,A,A,A,A,A,A,A,A,A,A,A,A,A,A,A,A,A,A
5,253,6,M,P,A,A,A,A,A,A,A,A,A,A,A,A,A,A,A,A,A,A,A,A,A,A,P,A,A,A,A
5,254,7,M,P,A,A,A,A,A,A,A,A,A,A,A,A,A,A,A,A,P,A,A,A,A,A,P,A,A,A,A
5,255,8,M,P,A,P,A,A,A,A,A,A,A,P,P,A,A,A,A,P,A,A,A,A,A,A,P,A,A,A,A
5,256,9,M,P,A,P,A,A,A,A,A,A,A,A,P,A,A,A,A,P,A,A,A,A,A,A,P,A,A,A,A
5,257,10,M,P,A,A,A,A,A,A,A,A,A,A,A,A,A,A,A,A,A,A,A,A,A,A,P,A,A,A,A
5,258,11,M,P,A,P,A,A,A,A,A,A,A,A,A,A,A,A,A,A,A,A,A,A,A,A,A,A,A,A,A
5,259,12,M,P,A,P,A,A,A,A,A,A,A,A,A,A,A,A,A,A,A,A,A,A,A,A,P,A,A,A,A
5,260,13,M,P,P,P,A,P,A,A,A,A,A,A,A,A,A,A,A,A,A,A,A,A,A,A,A,A,A,A,A
5,261,14,M,P,A,P,A,P,A,A,A,A,A,A,A,A,A,A,P,A,A,P,A,A,A,A,P,A,A,A,A
5,262,15,M,P,P,A,A,P,A,A,A,A,P,A,A,A,A,A,A,A,A,A,A,A,A,A,A,A,A,A,A
5,263,16,L,A,P,A,P,P,A,A,A,A,A,A,A,A,A,A,A,A,A,A,A,A,A,A,A,A,A,A,A
5,264,17,L,A,P,P,P,A,A,A,A,A,A,A,A,A,A,A,A,A,A,A,A,A,A,A,A,A,A,A,A
5,265,18,L,A,P,P,A,P,A,A,A,A,A,A,A,A,A,A,A,A,A,A,A,A,A,A,A,A,A,A,A
5,266,19,L,A,P,P,P,P,A,A,A,A,A,A,A,A,A,A,A,A,A,A,A,A,A,A,A,A,A,A,A
5,267,20,L,A,P,A,P,P,A,A,A,A,A,A,A,A,A,A,A,A,A,A,A,A,A,P,A,A,A,A,A
5,268,21,L,A,P,A,P,P,A,A,A,A,A,P,A,A,A,A,A,A,A,A,A,A,A,P,A,A,A,A,A
5,269,22,L,A,P,A,P,A,P,A,A,P,A,A,A,A,A,A,A,A,A,A,A,A,A,P,P,A,A,A,A
5,270,23,L,A,P,P,P,A,P,P,A,A,A,A,A,P,A,A,A,A,A,A,A,A,A,A,P,A,A,A,A
5,271,24,L,A,P,A,P,A,A,P,A,A,A,A,A,A,A,A,A,A,A,A,A,A,A,A,A,A,A,A,A
5,272,25,L,A,P,P,P,A,P,P,A,A,A,A,A,A,A,A,A,A,A,A,A,A,A,A,A,A,A,A,A
5,273,26,L,A,P,A,P,A,P,A,A,A,A,A,A,A,A,A,A,A,A,A,A,A,A,A,A,A,A,A,A
5,274,27,L,A,P,A,P,A,A,A,A,A,A,A,A,A,A,A,A,A,A,A,A,A,A,A,A,A,A,A,A
5,275,28,L,A,A,A,P,P,A,A,P,A,A,A,A,A,A,A,A,A,A,A,A,A,A,A,A,A,A,A,A
5,276,29,L,A,P,A,A,A,A,A,A,A,A,A,A,A,A,A,A,A,A,A,A,A,A,A,A,A,A,A,A
5,277,30,L,A,P,A,P,A,A,A,A,A,A,A,A,A,A,A,A,A,A,A,A,A,A,A,A,A,A,A,A
5,278,31,L,A,P,A,P,P,A,A,A,A,A,A,A,A,A,A,A,A,A,A,A,A,A,A,A,A,A,A,A
5,279,32,U,A,A,A,A,P,A,A,A,A,A,A,A,A,A,A,A,A,A,A,A,A,A,A,A,A,A,A,A
5,280,33,U,A,A,A,A,P,P,A,A,A,A,A,A,A,A,A,A,A,A,A,A,A,A,A,A,A,A,A,A
5,281,34,U,A,A,A,A,A,A,A,A,A,P,A,A,A,A,A,A,A,A,A,A,A,A,A,A,A,A,A,A
5,282,35,U,A,A,P,A,P,P,A,A,A,A,A,A,A,A,A,A,A,A,A,A,A,A,A,A,A,A,A,A
5,283,36,U,A,A,P,A,A,A,A,A,A,P,A,A,A,A,A,A,A,A,A,A,A,A,A,A,A,A,A,A
5,284,37,U,P,A,P,A,P,P,A,A,A,P,A,A,A,A,A,A,A,A,A,A,A,A,A,A,A,A,A,A
5,285,38,U,A,A,A,A,A,A,A,A,A,A,A,A,A,A,A,A,A,A,A,A,A,A,A,A,A,A,A,A
5,286,39,U,A,A,A,A,A,A,A,A,A,A,A,A,A,A,A,A,A,A,A,A,A,A,A,A,A,A,A,A
5,287,40,U,A,A,A,A,A,A,A,A,A,A,A,A,A,A,A,A,A,A,A,A,A,A,A,A,A,A,A,A
5,288,41,L,P,P,P,A,P,A,A,A,A,A,A,A,A,A,A,A,A,A,A,A,A,A,A,P,A,A,A,A
5,289,42,U,A,A,P,A,A,A,A,A,A,A,A,A,A,A,A,A,A,A,A,A,A,A,A,A,A,A,A,A
5,290,43,U,A,A,P,A,A,A,A,A,A,A,A,A,A,A,A,A,A,A,A,A,A,A,A,A,A,A,A,A
5,291,44,U,A,A,P,A,A,A,A,A,A,A,A,A,A,A,A,A,A,A,A,A,A,A,A,A,A,A,A,A
5,292,45,U,A,A,P,A,A,A,A,A,A,A,A,A,A,A,A,A,A,A,A,A,A,A,A,A,A,A,A,A
5,293,46,U,A,A,A,A,A,A,A,A,A,A,A,A,A,A,A,A,P,A,A,A,A,A,A,A,A,A,A,A
5,294,47,U,A,A,A,A,A,A,A,A,A,A,A,A,A,A,A,A,A,A,A,A,A,A,A,A,A,A,A,A
5,295,48,U,A,A,A,A,A,A,A,A,A,A,A,A,A,A,A,A,A,A,A,A,A,A,A,A,A,A,A,A
5,296,49,U,A,A,P,A,A,A,A,A,A,A,A,A,A,A,A,A,A,A,A,A,A,A,A,A,A,A,A,A
5,297,50,U,A,A,A,A,A,A,A,A,A,A,A,A,A,A,A,A,A,A,A,A,A,A,A,A,A,A,A,A
5,298,51,U,A,A,A,A,A,A,A,A,A,A,A,A,A,A,A,A,A,A,A,A,A,A,A,A,A,A,A,A
5,299,52,U,A,A,P,A,A,A,A,A,A,P,A,A,A,A,A,A,A,A,A,A,A,A,A,A,A,A,A,A
6,300,1,L,A,P,A,A,P,A,A,A,A,A,A,A,A,A,A,P,A,A,P,A,A,A,P,A,A,A,A,A
6,301,2,L,A,P,A,P,P,P,A,A,A,P,A,A,A,A,A,A,A,A,A,A,A,A,A,A,A,A,A,A
6,302,3,L,A,P,A,P,P,A,A,P,A,A,A,A,A,A,A,A,A,A,A,A,A,A,A,A,A,A,A,A
6,303,4,L,A,P,A,P,A,A,A,A,A,A,A,A,A,A,A,A,A,A,A,A,A,A,A,A,A,A,A,A
6,304,5,L,A,A,A,P,A,A,P,P,A,A,A,A,A,A,A,A,A,A,A,A,A,A,A,A,A,A,A,A
6,305,6,L,A,P,A,P,A,A,A,A,P,A,A,A,A,A,P,A,A,A,A,A,A,A,P,P,A,A,A,A
6,306,7,L,A,P,A,A,P,P,A,A,A,A,A,A,A,A,A,A,A,A,A,A,A,A,P,A,A,A,A,A
6,307,8,L,A,P,A,A,P,P,A,A,A,A,A,A,A,A,A,A,A,A,A,A,A,A,A,A,A,A,A,A
6,308,9,L,A,P,A,A,A,A,A,A,A,A,A,A,A,A,A,A,A,A,A,A,A,A,A,P,A,A,A,A
6,309,10,L,A,P,A,A,A,A,A,A,A,A,A,A,A,A,P,P,A,A,A,P,A,A,P,A,A,A,A,A
6,310,11,M,P,A,A,A,A,A,A,A,A,P,A,A,A,A,A,A,A,P,A,A,A,A,A,P,A,A,A,A
6,311,12,M,P,A,A,A,P,A,A,A,A,A,A,A,A,A,A,A,A,A,A,A,A,A,A,P,A,A,A,A
6,312,13,M,P,A,A,A,A,A,A,A,A,A,A,A,A,A,A,A,P,P,A,A,A,A,A,P,A,A,A,A
6,313,14,M,P,A,P,P,A,A,A,A,A,A,A,P,A,A,A,A,A,A,A,A,A,A,A,P,A,A,A,A
6,314,15,M,P,A,A,A,A,A,A,A,A,A,A,A,A,A,A,A,P,A,A,A,A,A,A,P,A,A,A,A
6,315,16,M,P,A,A,A,A,A,A,A,A,A,A,A,A,A,A,A,A,P,A,A,A,A,A,P,A,A,A,A
6,316,17,M,P,A,A,A,A,A,A,A,A,A,A,A,A,A,A,A,P,A,A,A,A,A,A,P,A,A,A,A
6,317,18,M,P,A,P,A,P,P,A,A,A,A,A,A,A,A,A,A,A,A,A,A,A,A,A,P,A,A,A,A
6,318,19,M,P,A,A,A,P,P,A,A,A,A,A,A,A,A,A,A,P,P,A,A,A,A,A,A,A,A,A,A
6,319,20,M,P,A,P,A,A,A,A,A,A,A,A,A,A,A,A,A,A,P,A,A,A,A,A,P,A,A,A,A
6,320,21,M,A,A,A,A,A,A,A,A,A,A,A,A,A,A,P,P,A,A,A,A,A,A,P,A,A,A,A,A
6,321,22,M,A,A,A,A,A,A,A,A,A,A,A,A,A,A,A,P,A,A,A,A,A,A,A,A,A,A,A,A
6,322,23,U,A,A,A,A,A,A,A,A,A,A,A,A,A,A,P,P,A,P,A,A,A,A,P,A,P,A,A,A
6,323,24,U,A,A,A,A,A,A,A,A,A,A,A,A,A,A,P,P,A,A,A,A,A,A,P,A,A,A,A,A
6,324,25,M,A,A,A,A,A,A,A,A,A,A,A,A,A,A,P,P,A,A,A,A,A,A,A,A,P,A,A,A
6,325,26,M,A,A,A,A,A,A,A,A,A,A,A,A,A,A,P,P,A,A,A,A,A,A,P,A,P,A,A,A
6,326,27,U,A,A,A,A,A,A,A,A,A,A,A,A,A,A,A,P,A,P,A,A,P,A,A,A,A,A,A,A
6,327,28,U,A,A,A,A,A,A,A,A,A,A,A,A,A,A,A,P,A,P,A,A,P,A,A,A,A,A,A,A
6,328,29,L,A,A,A,A,A,A,A,A,A,A,A,A,A,A,P,P,A,A,A,A,P,A,A,A,P,A,A,A
6,329,30,L,A,A,A,A,A,A,A,A,A,A,A,A,A,A,P,P,A,A,A,A,A,A,A,A,P,A,A,A
6,330,31,L,A,A,A,A,A,A,A,A,A,A,A,A,A,A,P,P,A,A,A,A,A,A,A,A,P,A,A,A
6,331,32,L,A,A,A,A,A,A,A,A,A,A,A,A,A,A,P,P,A,A,A,A,A,A,P,A,P,A,A,A
6,332,33,M,A,A,A,A,A,A,A,A,A,A,A,A,A,A,P,A,A,A,A,A,A,A,A,A,P,P,P,A
6,333,34,M,A,A,A,A,A,A,A,A,A,A,A,A,A,A,P,A,A,A,A,A,A,A,A,A,P,A,A,A
6,334,35,M,A,A,A,A,A,A,A,A,A,A,A,A,A,A,P,P,A,A,A,A,A,A,P,A,A,A,A,A
6,335,36,M,A,A,A,A,A,A,A,A,A,A,A,A,A,A,P,P,A,A,A,A,A,A,P,A,A,A,A,A
6,336,37,L,A,A,A,A,A,A,A,A,A,A,A,A,A,A,A,P,A,A,A,P,A,A,A,A,A,A,P,A
6,337,38,L,A,A,A,A,A,A,A,A,A,A,A,A,A,A,A,P,A,A,A,A,A,A,A,A,P,A,A,A
6,338,39,M,A,A,A,A,A,A,A,A,A,A,A,A,A,A,P,P,A,A,A,A,A,A,A,A,A,A,A,A
6,339,40,M,A,A,A,A,A,A,A,A,A,A,A,A,A,A,A,P,A,A,A,A,A,A,A,A,A,A,A,P
6,340,41,U,A,A,A,A,A,A,A,A,A,A,A,A,A,A,P,A,A,A,A,A,A,A,A,A,P,A,A,A
6,341,42,U,A,A,A,A,A,A,A,A,A,A,A,A,A,A,P,A,A,A,A,A,A,A,A,A,P,A,A,A
6,342,43,U,A,A,A,A,A,A,A,A,A,A,A,A,A,A,P,P,A,A,A,A,A,A,A,A,P,P,A,A
6,343,44,U,A,A,A,A,A,A,A,A,A,A,A,A,A,A,A,A,A,A,A,A,A,A,A,A,A,A,A,A
6,344,45,U,A,A,A,A,A,A,A,A,A,A,A,A,A,A,P,A,A,A,A,A,A,A,A,A,P,A,A,A
6,345,46,U,A,A,A,A,A,A,A,A,A,A,A,A,A,A,P,P,A,A,A,A,A,A,A,A,P,A,A,A
6,346,47,L,P,P,A,P,A,A,A,A,A,A,A,A,A,A,A,A,A,A,A,A,A,A,A,A,A,A,A,A
6,347,48,L,P,P,A,P,A,A,A,A,A,A,A,A,A,A,A,A,A,A,A,A,A,A,A,A,A,A,A,A
6,348,49,L,P,P,A,P,P,A,A,A,A,A,A,A,A,A,A,A,A,A,A,A,A,A,A,A,A,A,A,A
6,349,50,L,P,P,A,P,A,A,A,P,A,A,A,A,A,A,A,A,A,A,A,A,A,A,A,A,A,A,A,A
6,350,51,L,A,P,A,P,P,A,A,A,A,A,A,A,A,A,A,A,A,A,A,A,A,A,P,A,A,A,A,A
6,351,52,L,P,P,A,P,A,A,A,P,A,A,A,A,A,A,A,A,A,A,A,A,A,A,P,A,A,A,A,A
6,352,53,L,A,P,A,P,P,A,A,A,A,A,A,A,A,A,A,A,A,A,A,A,A,A,A,A,A,A,A,A
6,353,54,L,A,P,A,A,P,A,A,P,A,A,A,A,A,A,A,A,A,A,A,A,A,A,A,A,A,A,A,A
6,354,55,L,A,P,A,A,P,P,A,P,A,A,A,A,A,A,A,A,A,A,A,A,A,A,A,A,A,A,A,A
6,355,56,L,A,P,A,A,P,P,A,A,A,A,A,A,A,A,A,A,A,A,A,A,A,A,A,A,A,A,A,A
6,356,57,U,P,A,P,A,P,A,A,A,A,P,A,A,A,A,A,A,A,A,A,A,A,A,A,A,A,A,A,A
6,357,58,U,A,A,P,A,A,A,A,A,A,A,A,A,A,A,A,A,P,A,A,A,A,A,A,A,A,A,A,A
6,358,59,U,A,A,P,A,A,A,A,A,A,A,A,A,A,A,A,A,A,A,A,A,A,A,A,A,A,A,A,A
6,359,60,U,A,A,P,A,A,A,A,A,A,A,A,A,A,A,A,A,A,A,A,A,A,A,A,A,A,A,A,A
6,360,61,U,A,A,P,A,A,A,A,A,A,A,A,A,A,A,A,A,A,A,A,A,A,A,A,A,A,A,A,A
6,361,62,U,A,A,P,A,A,A,A,A,A,A,A,A,A,A,A,A,A,A,A,A,A,A,A,A,A,A,A,A
6,362,63,U,A,A,P,A,A,A,A,A,A,A,A,A,A,A,A,A,A,A,A,A,A,A,A,A,A,A,A,A
6,363,64,U,A,A,P,A,A,A,A,A,A,A,A,A,A,A,A,A,A,A,A,A,A,A,A,A,A,A,A,A
7,364,1,U,A,A,P,A,A,A,A,A,A,P,A,A,A,A,A,A,A,A,A,A,A,A,A,A,A,A,A,A
7,365,2,U,A,A,P,A,A,A,A,A,A,A,A,A,A,A,A,A,A,A,A,A,A,A,A,A,A,A,A,A
7,366,3,U,A,A,A,A,A,A,A,A,A,P,A,A,A,A,A,A,A,A,A,A,A,A,A,A,A,A,A,A
7,367,4,U,A,A,P,A,A,A,A,A,A,P,A,A,A,A,A,A,A,A,A,A,A,A,A,A,A,A,A,A
7,368,5,L,A,P,A,A,A,A,A,A,A,A,A,A,A,A,A,A,A,A,A,A,A,A,A,A,A,A,A,A
7,369,6,L,A,P,A,A,A,A,A,A,A,A,A,A,A,A,A,A,A,A,A,A,A,A,A,A,A,A,A,A
7,370,7,L,A,P,A,A,A,A,A,A,A,A,A,A,A,A,A,A,A,P,P,P,A,A,A,A,A,A,A,A
7,371,8,L,A,P,A,A,A,A,A,A,A,A,A,A,A,A,A,A,P,P,P,A,A,A,A,A,A,A,A,A
7,372,9,L,P,P,A,A,P,P,A,A,A,A,A,P,A,A,A,A,A,P,P,P,A,A,A,A,A,A,A,A
7,373,10,L,P,P,A,A,P,P,A,A,A,A,A,A,A,A,A,A,A,A,A,A,A,A,A,A,A,A,A,A
7,374,11,M,P,P,A,A,P,P,A,A,A,A,A,A,A,A,A,A,A,A,A,A,A,A,A,A,A,A,A,A
7,375,12,M,P,P,A,A,P,P,A,A,A,A,A,A,A,A,A,A,A,A,A,A,A,A,A,A,A,A,A,A
7,376,13,M,P,P,P,A,A,A,A,A,A,A,A,A,A,A,A,A,A,A,A,A,A,A,A,A,A,A,A,A
7,377,14,M,P,P,A,A,A,A,A,A,A,A,A,A,A,A,A,A,A,A,A,A,A,A,A,A,A,A,A,A
7,378,15,M,P,P,A,A,P,P,A,A,A,A,A,A,A,A,A,A,A,A,A,A,A,A,A,A,A,A,A,A
7,379,16,M,P,P,A,A,P,P,A,A,A,A,A,A,A,A,A,A,A,A,A,A,A,A,A,A,A,A,A,A
7,380,17,M,P,P,A,A,A,A,A,A,A,A,A,A,A,A,A,A,A,A,A,A,A,A,A,A,A,A,A,A
7,381,18,M,P,P,A,A,P,P,A,A,A,A,A,A,A,A,A,A,A,A,A,A,A,A,A,A,A,A,A,A
7,382,19,L,A,P,P,P,A,A,A,A,A,A,A,A,A,A,A,A,A,A,A,A,A,A,A,A,A,A,A,A
7,383,20,L,A,P,A,A,A,P,A,A,A,A,A,A,A,A,A,A,A,A,A,A,A,A,A,A,A,A,A,A
7,384,21,L,A,P,P,A,P,A,A,A,A,A,A,A,A,A,A,A,A,A,A,A,A,A,A,A,A,A,A,A
7,385,22,L,A,P,A,A,P,A,A,A,A,P,A,A,A,A,A,A,A,A,A,A,A,A,A,A,A,A,A,A
7,386,23,L,A,P,P,A,P,A,A,A,A,A,A,A,A,A,A,A,A,A,A,A,A,A,A,A,A,A,A,A
7,387,24,L,A,P,A,A,P,A,A,A,A,A,A,A,A,A,A,A,A,A,A,A,A,A,A,A,A,A,A,A
7,388,25,M,P,P,A,P,A,A,A,A,A,A,A,A,A,A,A,A,A,A,A,A,A,A,A,A,A,A,A,A
7,389,26,M,P,P,A,A,A,A,A,A,A,A,A,A,A,A,A,A,A,A,A,A,A,A,A,A,A,A,A,A
7,390,27,L,A,P,A,P,P,P,A,A,A,A,A,A,A,A,A,A,A,A,A,A,A,A,A,A,A,A,A,A
7,391,28,L,A,P,P,A,P,P,A,A,A,A,A,A,A,A,A,A,A,A,A,A,A,A,A,A,A,A,A,A
7,392,29,L,A,P,A,P,A,A,A,A,P,A,A,A,P,A,A,A,A,A,A,A,A,A,A,A,A,A,A,A
7,393,30,L,A,P,A,P,A,P,A,A,A,A,A,A,P,A,A,A,A,A,A,A,A,A,A,A,A,A,A,A
7,394,31,L,A,P,A,A,A,P,A,A,A,A,A,A,A,A,A,A,A,A,A,A,A,A,A,A,A,A,A,A
7,395,32,L,A,P,A,A,A,A,A,A,A,A,A,A,P,A,A,A,A,A,A,A,A,A,A,A,A,A,A,A
7,396,33,L,P,A,A,A,A,A,A,A,A,P,A,A,A,A,A,A,A,A,A,A,A,A,A,A,A,A,A,A
7,397,34,L,P,P,A,A,A,A,A,A,A,P,A,A,A,A,A,A,A,A,A,A,A,A,A,A,A,A,A,A
7,398,35,L,P,P,A,A,P,A,A,A,A,P,A,A,A,A,A,A,A,A,A,A,A,A,A,A,A,A,A,A
7,399,36,L,P,P,A,A,P,A,A,A,A,A,P,A,A,A,A,A,A,A,A,A,A,A,P,P,A,A,A,A
7,400,37,M,P,P,A,A,A,A,A,A,A,A,A,A,A,A,A,A,A,A,A,A,A,A,A,A,A,A,A,A
7,401,38,M,A,P,A,A,P,A,A,A,A,P,A,A,A,A,A,A,A,A,A,A,A,A,A,A,A,A,A,A
7,402,39,M,A,P,A,A,A,A,A,A,A,P,A,A,A,A,A,A,A,A,A,A,A,A,A,A,A,A,A,A
7,403,40,M,A,A,A,A,A,A,A,A,A,A,A,A,A,A,A,A,A,A,A,A,A,A,A,A,A,A,A,A
7,404,41,M,A,P,A,A,A,A,A,A,A,P,A,A,A,A,A,A,A,A,A,A,A,A,A,A,A,A,A,A
7,405,42,M,A,P,A,A,A,A,A,A,A,P,A,A,A,A,A,A,A,A,A,A,A,A,A,A,A,A,A,A
7,406,43,M,P,P,A,A,A,A,A,A,A,A,A,A,A,A,A,A,A,A,A,A,A,A,A,A,A,A,A,A
7,407,44,M,P,P,A,A,P,A,A,A,A,P,A,A,A,A,P,P,A,A,A,A,A,A,A,P,A,A,A,A
7,408,407,U,A,A,P,A,P,P,A,A,A,A,A,A,A,A,A,A,A,A,A,A,A,A,A,A,A,A,A,A
7,409,408,U,A,A,P,A,P,P,A,A,A,A,A,A,A,A,A,A,A,A,A,A,A,A,A,A,A,A,A,A
7,410,409,U,A,A,P,A,P,P,A,A,A,A,A,A,A,A,A,A,A,A,A,A,A,A,A,A,A,A,A,A
7,411,410,U,A,A,P,A,A,A,A,A,A,A,A,A,A,A,A,A,A,A,A,A,A,A,A,A,A,A,A,A
7,412,411,U,A,A,A,A,A,A,A,A,A,A,A,A,A,A,A,A,A,A,A,A,A,A,A,A,A,A,A,A
7,413,50,U,A,A,A,A,A,A,A,A,A,A,A,A,A,A,A,A,A,A,A,A,A,A,A,A,A,A,A,A
7,414,51,U,P,A,P,A,A,A,A,A,A,A,A,A,A,A,A,A,A,A,A,A,A,A,A,A,A,A,A,A
7,415,52,U,P,A,P,A,A,A,A,A,A,A,A,A,A,A,A,A,A,A,A,A,A,A,A,A,A,A,A,A
7,416,53,U,P,A,P,A,A,A,A,A,A,A,A,A,A,A,A,A,A,A,A,A,A,A,A,A,A,A,A,A
7,417,54,U,P,A,P,A,A,A,A,A,A,P,A,A,A,A,A,A,A,A,A,A,A,A,A,A,A,A,A,A
7,418,55,U,P,A,P,A,A,A,A,A,A,A,A,A,A,A,A,A,A,A,A,A,A,A,A,A,A,A,A,A
7,419,56,U,A,A,P,A,A,A,A,A,A,A,A,A,A,A,A,A,A,A,A,A,A,A,A,A,A,A,A,A
7,420,57,U,A,A,P,A,A,A,A,A,A,P,A,A,A,A,A,A,A,A,A,A,A,A,A,A,A,A,A,A
7,421,58,U,A,A,P,A,A,A,A,A,A,P,A,A,A,A,A,A,A,A,A,A,A,A,A,A,A,A,A,A
7,422,59,U,A,A,A,A,A,A,A,A,A,A,A,A,A,A,A,A,A,A,A,A,A,A,A,A,A,A,A,A
7,423,60,U,A,A,A,A,A,A,A,A,A,A,A,A,A,A,A,A,A,A,A,A,A,A,A,A,A,A,A,A
7,424,61,U,A,A,A,A,A,A,A,A,A,A,A,A,A,A,A,A,A,A,A,A,A,A,A,A,A,A,A,A
8,425,1,L,A,P,A,A,P,A,A,A,A,A,P,A,A,A,A,A,A,A,A,A,A,A,A,A,A,A,A,A
8,426,2,L,A,P,A,A,P,A,A,P,A,A,P,A,A,A,A,A,A,A,A,A,A,A,A,A,A,A,A,A
8,427,3,L,A,P,A,P,A,P,A,A,A,A,P,A,A,A,A,A,A,A,A,A,A,A,A,A,A,P,A,A
8,428,4,L,A,P,A,P,A,A,A,A,A,A,A,A,A,A,A,A,A,A,A,A,A,A,A,A,A,A,A,A
8,429,5,M,P,P,A,A,A,A,A,A,A,A,P,A,A,A,A,A,A,A,A,A,A,A,A,A,A,A,A,A
8,430,6,M,A,P,A,A,A,A,A,A,A,A,P,A,A,A,A,A,A,A,A,A,A,A,A,A,A,A,A,A
8,431,7,U,P,P,A,A,P,A,A,A,A,A,A,A,A,A,A,A,A,A,A,A,A,A,A,A,A,A,A,A
8,432,8,U,P,P,A,A,P,A,A,A,A,A,A,A,A,A,A,A,A,A,A,A,A,A,A,A,A,A,A,A
8,433,9,U,P,P,A,A,P,A,A,A,A,A,A,A,A,A,A,A,A,A,A,A,A,A,A,A,A,A,A,A
8,434,10,U,P,P,A,A,P,A,A,A,A,A,A,A,A,A,A,A,A,A,A,A,A,A,A,A,A,A,A,A
8,435,11,M,P,P,A,P,P,A,A,A,A,A,A,A,A,A,A,A,A,A,A,A,A,A,A,A,A,A,A,A
8,436,12,M,A,P,A,A,P,A,A,A,A,A,P,A,A,A,A,A,A,A,A,A,A,A,A,A,A,A,A,A
8,437,13,U,P,P,A,A,P,A,A,A,A,A,A,A,A,A,A,A,A,A,A,A,A,A,A,A,A,A,A,A
8,438,14,U,A,P,A,A,P,A,A,A,A,A,P,A,A,A,A,A,A,A,A,A,A,A,A,A,A,A,A,A
8,439,15,M,P,P,A,A,P,A,A,A,A,A,P,A,A,A,A,A,A,A,A,A,A,A,A,A,A,A,A,A
8,440,16,M,A,P,A,A,A,A,P,A,A,A,A,A,A,A,A,A,A,A,A,A,A,A,A,A,A,A,A,A
8,441,17,M ,P,P,A,A,P,A,A,A,A,A,P,A,A,A,A,A,A,A,A,A,A,A,A,A,A,A,A,A
8,442,18,M,P,P,A,A,A,A,A,A,A,A,P,A,A,A,A,A,A,A,A,A,A,A,A,A,A,A,A,A
8,443,19,U,P,P,A,A,A,A,A,A,A,A,A,A,A,A,A,A,A,A,A,A,A,A,A,A,A,A,A,A
8,444,20,U,A,A,A,A,A,A,A,A,A,A,A,A,A,A,A,A,A,A,A,A,A,A,A,A,A,A,A,A
8,445,21,L,A,A,A,P,A,P,A,P,A,A,P,A,A,A,A,A,A,A,A,A,A,A,A,A,A,A,A,A
8,446,22,L,A,A,A,P,A,A,A,P,A,A,A,A,A,A,A,A,A,A,A,A,A,A,A,A,A,A,A,A
8,447,23,M,P,P,A,A,P,A,P,A,A,A,A,A,A,A,A,A,A,A,A,A,A,A,A,A,A,A,A,A
8,448,24,M,A,P,A,A,P,A,A,A,A,A,P,A,A,A,A,A,A,A,A,A,A,A,A,A,A,A,A,A
8,449,25,L,A,P,A,P,P,P,A,P,A,A,P,A,A,A,A,A,A,A,A,A,A,A,A,A,A,A,A,A
8,450,26,L,A,P,A,A,A,P,A,P,A,A,A,A,A,A,A,A,A,A,A,A,A,A,A,A,A,A,A,A
8,451,27,M,A,P,A,A,P,A,A,A,A,A,P,A,A,A,A,A,A,A,A,A,A,A,A,A,A,A,A,A
8,452,28,M,A,P,A,A,P,A,A,A,A,A,P,A,A,A,A,A,A,A,A,A,A,A,A,A,A,A,A,A
8,453,29,L,P,P,A,A,A,P,A,P,A,A,P,A,A,A,A,A,A,A,A,A,A,A,A,A,A,A,A,A
8,454,30,L,A,P,A,P,A,P,A,P,A,A,A,A,A,A,A,A,A,A,A,A,A,A,A,A,A,A,A,A
8,455,31,M,A,A,A,A,A,A,A,A,A,A,A,A,A,A,A,A,A,A,A,A,A,A,A,A,A,A,A,A
8,456,32,M,A,P,A,A,P,A,P,A,A,A,A,A,A,A,A,A,A,A,A,A,A,A,A,A,A,A,A,A
8,457,33,U,P,P,A,A,P,A,A,A,A,A,A,A,A,A,A,A,A,A,A,A,A,A,A,A,A,A,A,A
8,458,34,U,P,P,A,A,P,A,A,A,A,A,A,A,A,A,A,A,A,A,A,A,A,A,A,A,A,A,A,A
8,459,35,U,P,A,A,A,A,A,A,A,A,A,P,A,A,A,A,A,A,A,A,A,A,A,A,A,A,A,A,A
8,460,36,U,P,A,A,A,A,A,A,A,A,A,P,A,A,A,A,A,A,A,A,A,A,A,A,A,A,A,A,A
8,461,37,M,A,P,A,P,P,P,P,A,A,A,P,A,A,A,A,A,A,A,A,A,A,A,A,A,A,A,A,A
8,462,38,M,A,P,A,A,A,A,A,A,A,A,A,A,A,A,A,A,A,A,A,A,A,A,A,A,A,A,A,A
8,463,39,U,A,P,A,A,P,A,A,A,A,A,A,A,A,A,A,A,A,A,A,A,A,A,A,A,A,A,A,A
8,464,40,U,P,P,A,A,A,A,A,A,A,A,A,A,A,A,A,A,A,A,A,A,A,A,A,A,A,A,A,A
8,465,41,M,A,P,A,A,A,A,A,A,A,A,A,A,A,A,A,A,A,A,A,A,A,A,A,A,A,A,A,A
8,466,42,M,A,A,A,A,A,A,A,A,A,A,A,A,A,A,A,A,A,A,A,A,A,A,A,A,A,A,A,A
8,467,43,U,P,P,A,A,A,A,A,A,A,A,A,A,A,A,A,A,A,A,A,A,A,A,A,A,A,A,A,A
8,468,44,U,A,P,A,A,A,A,A,A,A,A,A,A,A,A,A,A,A,A,A,A,A,A,A,A,A,A,A,A
8,469,45,L,P,P,A,A,P,A,A,A,A,A,P,A,A,A,A,A,A,A,A,A,A,A,A,A,A,A,A,A
8,470,46,L,A,P,A,A,P,A,A,P,A,A,P,A,A,A,A,A,A,A,A,A,A,A,A,A,A,A,A,A
8,471,47,L,A,P,A,A,P,P,A,P,A,A,A,A,A,A,A,A,A,A,A,A,A,A,A,A,A,A,A,A
8,472,48,L,P,P,A,A,P,A,A,A,A,A,P,A,A,A,A,A,A,A,A,A,A,A,A,A,A,A,A,A
8,473,49,L,A,P,A,A,P,A,A,P,A,A,A,A,A,A,A,A,A,A,A,A,A,A,A,A,A,A,A,A
8,474,50,L,P,P,A,A,P,A,A,A,A,A,P,A,A,A,A,A,A,A,A,A,A,A,A,A,A,A,A,A
8,475,51,L,A,P,A,A,P,A,A,A,A,A,P,A,A,A,A,A,A,A,A,A,A,A,A,A,A,A,A,A
8,476,52,L,A,P,A,A,P,A,A,P,A,A,P,A,A,A,A,A,A,A,A,A,A,A,A,A,A,A,A,A
8,477,53,L,A,P,A,A,A,A,A,A,A,A,P,A,A,A,A,A,A,A,A,A,A,A,A,A,A,A,A,A
8,478,54,L,A,P,A,P,P,P,A,P,A,A,P,A,A,A,A,A,A,A,A,A,A,A,A,A,A,A,A,A
8,479,55,L,P,P,A,A,A,A,A,A,A,P,A,A,A,A,A,A,A,A,A,A,A,A,A,A,A,A,A,A
8,480,56,L,P,P,A,A,P,A,A,A,A,A,A,A,A,A,A,A,A,A,A,A,A,A,A,A,A,A,A,A
8,481,57,L,P,A,A,A,A,A,A,A,A,A,A,A,A,A,A,A,A,A,A,A,A,A,A,A,A,A,A,A
8,482,58,L,A,A,A,A,A,A,A,A,A,A,A,A,A,A,A,A,A,A,A,A,A,A,A,A,A,A,A,A